title,artist,release,year,position
Imagine,John Lennon,1971,2015,1
Bohemian Rhapsody,Queen,1975,2015,2
Hotel California,Eagles,1977,2015,3
Mag Ik Dan Bij Jou,Claudia De Breij,2011,2015,4
Stairway To Heaven,Led Zeppelin,1971,2015,5
Piano Man,Billy Joel,1974,2015,6
Avond,Boudewijn De Groot,1997,2015,7
Child In Time,Deep Purple,1972,2015,8
Wish You Were Here,Pink Floyd,1975,2015,9
Fix You,Coldplay,2005,2015,10
Comfortably Numb,Pink Floyd,1979,2015,11
Black,Pearl Jam,1991,2015,12
November Rain,Guns N' Roses,1992,2015,13
Shine On You Crazy Diamond,Pink Floyd,1975,2015,14
Brothers In Arms,Dire Straits,1985,2015,15
Nothing Else Matters,Metallica,1992,2015,16
The River,Bruce Springsteen,1981,2015,17
Someone Like You,Adele,2011,2015,18
God Only Knows,The Beach Boys,1966,2015,19
One,Metallica,1994,2015,20
Oceaan,Racoon,2012,2015,21
Brabant,Guus Meeuwis,2004,2015,22
Hello,Adele,2015,2015,23
One,U2,1992,2015,24
Sultans Of Swing,Dire Straits,1978,2015,25
Hurt,Johnny Cash,2003,2015,26
Thunderstruck,AC/DC,1990,2015,27
Viva La Vida,Coldplay,2009,2015,28
Clocks,Coldplay,2003,2015,29
Paradise By The Dashboard Light,Meat Loaf,1978,2015,30
Radar Love,Golden Earring,1973,2015,31
Home,Dotan,2014,2015,32
Make You Feel My Love,Adele,2008,2015,33
Smells Like Teen Spirit,Nirvana,1991,2015,34
The Scientist,Coldplay,2002,2015,35
Skyfall,Adele,2012,2015,36
Old And Wise,The Alan Parsons Project,1982,2015,37
Innuendo,Queen,1991,2015,38
Just Breathe,Pearl Jam,2009,2015,39
Go Your Own Way,Fleetwood Mac,1977,2015,40
A Forest,The Cure,1980,2015,41
Africa,Toto,1982,2015,42
Telegraph Road,Dire Straits,1982,2015,43
The Sound Of Silence,Simon & Garfunkel,1966,2015,44
Het Dorp,Wim Sonneveld,1974,2015,45
Sympathy For The Devil,The Rolling Stones,1973,2015,46
Iron Sky,Paolo Nutini,2014,2015,47
Hey Jude,The Beatles,1968,2015,48
Riders On The Storm ,The Doors,1971,2015,49
Paint It Black,The Rolling Stones,1966,2015,50
Let It Be,The Beatles,1970,2015,51
School,Supertramp,1974,2015,52
Whole Lotta Rosie,AC/DC,1978,2015,53
Dochters,Marco Borsato,2008,2015,54
Sweet Child O' Mine,Guns N' Roses,1988,2015,55
With Or Without You,U2,1987,2015,56
Sunday Bloody Sunday,U2,1985,2015,57
Mr. Blue Sky,Electric Light Orchestra,1978,2015,58
Bridge Over Troubled Water,Simon & Garfunkel,1970,2015,59
Heroes,David Bowie,1977,2015,60
Alive,Pearl Jam,1992,2015,61
Purple Rain,Prince,1984,2015,62
Het Regent Zonnestralen,Acda en De Munnik,1998,2015,63
Iedereen Is Van De Wereld,The Scene,1991,2015,64
Somebody To Love,Queen,1976,2015,65
Under The Bridge,Red Hot Chili Peppers,1992,2015,66
Private Investigations,Dire Straits,1982,2015,67
Thinking Out Loud,Ed Sheeran,2014,2015,68
Fool's Overture,Supertramp,1977,2015,69
The Pretender,Foo Fighters,2007,2015,70
Pastorale,Ramses Shaffy & Liesbeth List,1969,2015,71
Another Brick In The Wall,Pink Floyd,1979,2015,72
War,Kensington,2014,2015,73
Love Of My Life,Queen,1975,2015,74
Rolling In The Deep,Adele,2010,2015,75
Over De Muur,Klein Orkest,1984,2015,76
Angie,The Rolling Stones,1973,2015,77
The Last Resort,Eagles,1976,2015,78
Goodnight Saigon,Billy Joel,1983,2015,79
Angels,Robbie Williams,1998,2015,80
Enter Sandman,Metallica,1991,2015,81
(Sittin' On) The Dock Of The Bay,Otis Redding,1968,2015,82
Tears In Heaven,Eric Clapton,1992,2015,83
The House Of The Rising Sun,The Animals,1964,2015,84
Gimme Shelter,The Rolling Stones,1969,2015,85
Stil In Mij,Van Dik Hout,1994,2015,86
In The Air Tonight,Phil Collins,1981,2015,87
Set Fire To The Rain,Adele,2011,2015,88
Bitter Sweet Symphony,The Verve,1997,2015,89
Ben Ik Te Min,Armand,1967,2015,90
Highway To Hell,AC/DC,1979,2015,91
Formidable,Stromae,2013,2015,92
Chasing Cars,Snow Patrol,2006,2015,93
Killing In The Name Of,Rage Against The Machine,1992,2015,94
Fragile,Sting,1988,2015,95
Yesterday,The Beatles,1965,2015,96
Don't Stop Me Now,Queen,1979,2015,97
Back To Black,Amy Winehouse,2006,2015,98
Who Wants To Live Forever,Queen,1986,2015,99
The Rose,Bette Midler,1980,2015,100
Hallelujah,Jeff Buckley,1994,2015,101
Nights In White Satin,The Moody Blues,1968,2015,102
Take Me To Church,Hozier,2014,2015,103
The Load Out / Stay,Jackson Browne,1977,2015,104
A Whiter Shade Of Pale,Procol Harum,1967,2015,105
Dat Ik Je Mis,Maaike Ouboter,2013,2015,106
Here Comes The Sun,The Beatles,1969,2015,107
Blackbird,The Beatles,1968,2015,108
Papa,Stef Bos,1991,2015,109
Perfect Day,Lou Reed,1972,2015,110
Happy,Pharrel Williams,2013,2015,111
Losing My Religion,R.E.M.,1991,2015,112
Belfast Child,Simple Minds,1989,2015,113
Uprising,Muse,2009,2015,114
Voor Haar,Frans Halsema,1977,2015,115
Love You More,Racoon,2005,2015,116
Creep,Radiohead,1993,2015,117
Earth Song,Michael Jackson,1995,2015,118
Where The Streets Have No Name,U2,1987,2015,119
The Unforgettable Fire,U2,1985,2015,120
Suspicious Minds,Elvis Presley,1969,2015,121
Laat Me,Ramses Shaffy,1978,2015,122
Paranoid,Black Sabbath,1970,2015,123
All Of Me,John Legend,2013,2015,124
Whole Lotta Love,Led Zeppelin,1969,2015,125
Billie Jean,Michael Jackson,1983,2015,126
Hurricane,Bob Dylan,1975,2015,127
Wuthering Heights,Kate Bush,1978,2015,128
Zeg Me Dat Het Niet Zo Is,Frank Boeijen,1990,2015,129
Knights Of Cydonia,Muse,2006,2015,130
Sorry  ,Kyteman,2009,2015,131
I Still Haven't Found What I'm Looking For,U2,1987,2015,132
Everlong,Foo Fighters,1997,2015,133
Street Spirit,Radiohead,1995,2015,134
Music,John Miles,1976,2015,135
Worn Down Piano,Mark & Clark Band,1977,2015,136
Desperado,Eagles,1973,2015,137
Everybody Hurts,R.E.M.,1993,2015,138
Space Oddity,David Bowie,1969,2015,139
Wonderwall,Oasis,1995,2015,140
Calm After The Storm,The Common Linnets,2014,2015,141
One Day Like This,Elbow,2008,2015,142
She,Charles Aznavour,1974,2015,143
In The End,Linkin Park,2001,2015,144
I See Fire,Ed Sheeran,2014,2015,145
Enjoy The Silence,Depeche Mode,1990,2015,146
Summer Of '69,Bryan Adams,1984,2015,147
Smoke On The Water,Deep Purple,1973,2015,148
Oude Maasweg,The Amazing Stroopwafels,1982,2015,149
Sex On Fire,Kings Of Leon,2008,2015,150
Streets,Kensington,2014,2015,151
I Put A Spell On You,Creedence Clearwater Revival,1972,2015,152
Jeanny,Falco,1985,2015,153
Saturday Night,Herman Brood,1978,2015,154
Dancing Queen,ABBA,1976,2015,155
Ne Me Quitte Pas,Jacques Brel,1965,2015,156
Californication ,Red Hot Chili Peppers,2000,2015,157
Yellow,Coldplay,2000,2015,158
Bad,U2,1984,2015,159
All Along The Watchtower,Jimi Hendrix Experience,1968,2015,160
When The Lady Smiles,Golden Earring,1984,2015,161
The Boxer,Simon & Garfunkel,1969,2015,162
Still Got The Blues,Gary Moore,1990,2015,163
Kryptonite,3 Doors Down,2000,2015,164
Man In The Mirror,Michael Jackson,1988,2015,165
Zing Vecht Huil Bid Lach Werk en Bewonder,Ramses Shaffy,1971,2015,166
A Day In The Life,The Beatles,1967,2015,167
No One Knows,Queens Of The Stone Age,2002,2015,168
Echoes,Pink Floyd,1971,2015,169
Baba O'Riley,The Who,1971,2015,170
Angel Of Death,Slayer,1986,2015,171
Kayleigh,Marillion,1985,2015,172
Born To Run,Bruce Springsteen,1975,2015,173
The Winner Takes It All,ABBA,1980,2015,174
Let Her Go,Passenger,2012,2015,175
Fields Of Gold,Sting,1993,2015,176
The Show Must Go On,Queen,1991,2015,177
Come As You Are,Nirvana,1991,2015,178
One,U2 & Mary J. Blige,2007,2015,179
Blauw,The Scene,1991,2015,180
The End,The Doors,1967,2015,181
Kashmir,Led Zeppelin,1975,2015,182
Nobody's Wife,Anouk,1997,2015,183
This Is What It Feels Like,Armin Van Buuren,2013,2015,184
Paradise City,Guns N' Roses,1989,2015,185
Oerend Hard,Normaal,1977,2015,186
In Your Arms,Chef'Special,2014,2015,187
Hallelujah,Leonard Cohen,1984,2015,188
Somebody That I Used To Know,Gotye,2011,2015,189
Society,Eddie Vedder,2007,2015,190
Beautiful Day,U2,2000,2015,191
Redemption Song,Bob Marley & The Wailers,1980,2015,192
Streets Of Philadelphia,Bruce Springsteen,1994,2015,193
Window Of My Eyes,Cuby & The Blizzards,1968,2015,194
Jeremy,Pearl Jam,1991,2015,195
Do I Wanna Know,Arctic Monkeys,2013,2015,196
Bloed Zweet En Tranen ,Andre Hazes,2002,2015,197
A Sky Full Of Stars,Coldplay,2014,2015,198
Haus Am See,Peter Fox,2009,2015,199
Paranoid Android,Radiohead,1997,2015,200
Under Pressure,Queen & David Bowie,1981,2015,201
Lightning Crashes,Live,1995,2015,202
While My Guitar Gently Weeps,The Beatles,1968,2015,203
Dream On,Aerosmith,1973,2015,204
Thriller,Michael Jackson,1983,2015,205
Uptown Funk!,Mark Ronson ft. Bruno Mars,2014,2015,206
Money For Nothing,Dire Straits,1985,2015,207
Can I Play With Madness,Iron Maiden,1988,2015,208
Don't Stop Believin',Journey,1981,2015,209
Seven Nation Army,The White Stripes,2003,2015,210
Sara,Fleetwood Mac,1980,2015,211
Bed Of Roses,Bon Jovi,1993,2015,212
Dust In The Wind,Kansas,1978,2015,213
Karma Police,Radiohead,1997,2015,214
The Day Before You Came,ABBA,1982,2015,215
Graceland,Paul Simon,1987,2015,216
Don't You (Forget About Me),Simple Minds,1985,2015,217
Lose Yourself,Eminem,2002,2015,218
I Want To Break Free,Queen,1984,2015,219
With A Little Help From My Friends,Joe Cocker,1968,2015,220
Jolene,Dolly Parton,1974,2015,221
Heart Of Gold,Neil Young,1972,2015,222
Liefs Uit Londen,Blof,1998,2015,223
Lithium,Nirvana,1991,2015,224
Wind Of Change,Scorpions,1991,2015,225
Ruthless Queen,Kayak,1979,2015,226
Take On Me,A-Ha,1985,2015,227
Margherita,Marco Borsato,1996,2015,228
Ice Queen,Within Temptation,2002,2015,229
Don't Give Up The Fight,Racoon,2011,2015,230
All For Nothing,Kensington,2014,2015,231
Like A Hurricane,Neil Young,1977,2015,232
Mama,Genesis,1983,2015,233
You Can't Always Get What You Want,The Rolling Stones,1969,2015,234
Boulevard Of Broken Dreams,Green Day,2004,2015,235
(I Can't Get No) Satisfaction,The Rolling Stones,1965,2015,236
November,Rowwen H`eze,2000,2015,237
Papillon,Editors,2009,2015,238
The Cave,Mumford & Sons,2010,2015,239
Zo Stil,Blof,2012,2015,240
Als Ze Er Niet Is,De Dijk,1994,2015,241
Englishman In New York,Sting,1988,2015,242
September,Earth Wind & Fire,1979,2015,243
Ain't No Sunshine,Bill Withers,1971,2015,244
Somewhere Only We Know,Keane,2004,2015,245
Ring Of Fire,Johnny Cash,1963,2015,246
California Dreamin',The Mamas & The Papas,1966,2015,247
Zombie,The Cranberries,1994,2015,248
Testament,Boudewijn de Groot,1967,2015,249
More Than A Feeling,Boston,1977,2015,250
The Man Who Can't Be Moved,The Script,2008,2015,251
Old Man,Neil Young,1972,2015,252
Halo Of Flies,Alice Cooper,1973,2015,253
Don't Give Up,Peter Gabriel & Kate Bush,1986,2015,254
Have You Ever Seen The Rain,Creedence Clearwater Revival,1971,2015,255
Bat Out Of Hell,Meat Loaf,1977,2015,256
She Sells Sanctuary,The Cult,1986,2015,257
Insomnia,Faithless,1995,2015,258
Layla,Eric Clapton,1992,2015,259
Geef Mij Je Angst,Guus Meeuwis,2004,2015,260
In The Ghetto,Elvis Presley,1969,2015,261
Smokers Outside The Hospital Doors,Editors,2007,2015,262
Kleine Jongen,Andre Hazes,1990,2015,263
Paradise,Coldplay,2011,2015,264
Get Lucky,Daft Punk,2013,2015,265
Me And Bobby McGee,Janis Joplin,1971,2015,266
Plug In Baby,Muse,2001,2015,267
Proud Mary,Ike & Tina Turner,1971,2015,268
Rockin' In The Free World,Neil Young,1989,2015,269
No Woman No Cry,Bob Marley & The Wailers,1975,2015,270
The Thrill Is Gone,B.B. King,1969,2015,271
Lopen Tot De Zon Komt,Acda en De Munnik,1997,2015,272
Samba Pa Ti,Santana,1970,2015,273
My Silver Lining,First Aid Kit,2014,2015,274
Run,Snow Patrol,2004,2015,275
Wake Me Up,Avicii,2013,2015,276
The Man With The Child In His Eyes,Kate Bush,1978,2015,277
Troy,Sinead O'Connor,1987,2015,278
Like A Rollin' Stone,Bob Dylan,1965,2015,279
Kiss From A Rose,Seal,1994,2015,280
Silent Lucidity,Queensr"yche,1990,2015,281
Home Again,Kensington,2013,2015,282
Zij Gelooft In Mij,Andre Hazes,2000,2015,283
Forever Young,Alphaville,1984,2015,284
Dreadlock Holiday,10CC,1978,2015,285
De Vondeling Van Ameland,Boudewijn de Groot,2004,2015,286
Radioactive,Imagine Dragons,2012,2015,287
9 Crimes,Damien Rice,2006,2015,288
Kronenburg Park,Frank Boeijen Groep,1985,2015,289
These Are the Days Of Our Lives,Queen,1991,2015,290
White Rabbit,Jefferson Airplane,1970,2015,291
Mother Earth,Within Temptation,2002,2015,292
Waves,Mr. Probz,2013,2015,293
Pride,U2,1984,2015,294
Fortunate Son,Creedence Clearwater Revival,1969,2015,295
Barcelona,Freddie Mercury,1987,2015,296
Fast Car,Tracy Chapman,1988,2015,297
Verdronken Vlinder,Boudewijn de Groot,1966,2015,298
Roxanne,The Police,1979,2015,299
Free Bird,Lynyrd Skynyrd,1974,2015,300
Another 45 Miles,Golden Earring,1969,2015,301
Iris,Goo Goo Dolls,1999,2015,302
My Immortal,Evanescence,2003,2015,303
Laat Me (Vivre),Ramses Shaffy & Liesbeth List & Alderliefste,2005,2015,304
Mr. Brightside,The Killers,2005,2015,305
Learn To Fly,Foo Fighters,1999,2015,306
The Great Gig In The Sky,Pink Floyd,1973,2015,307
Time,Pink Floyd,1973,2015,308
Halt Mich,Herbert Gr"onemeyer,1988,2015,309
Morning Has Broken,Cat Stevens,1972,2015,310
Op Fietse,Skik,1997,2015,311
Thunder Road,Bruce Springsteen,1975,2015,312
Good Vibrations,The Beach Boys,1966,2015,313
Papaoutai,Stromae,2013,2015,314
She's Not There,Santana,1978,2015,315
Killer Queen,Queen,1974,2015,316
Solsbury Hill,Peter Gabriel,1977,2015,317
Feel,Robbie Williams,2002,2015,318
She,Elvis Costello,1999,2015,319
Aan De Kust,Blof,1998,2015,320
Little Lion Man,Mumford & Sons,2009,2015,321
Strawberry Fields Forever,The Beatles,1967,2015,322
Rood,Marco Borsato,2006,2015,323
What's Going On,Marvin Gaye,1971,2015,324
Knocking On Heaven's Door,Guns N' Roses,1992,2015,325
Have I Told You Lately That I Love You,Van Morrison,1989,2015,326
Dancing In The Dark,Bruce Springsteen,1984,2015,327
Empire State Of Mind,Jay-Z & Alicia Keys,2009,2015,328
Lost,Anouk,2005,2015,329
Ik Heb Je Lief,Paul De Leeuw,1997,2015,330
Brown Eyed Girl,Van Morrison,1967,2015,331
Du,Peter Maffay,1971,2015,332
Love Will Tear Us Apart,Joy Division,1980,2015,333
Holiday In Spain,Counting Crows & Blof,2004,2015,334
Snow (Hey Oh),Red Hot Chili Peppers,2006,2015,335
Don't Look Back In Anger,Oasis,1996,2015,336
I'm On Fire,Bruce Springsteen,1985,2015,337
Dreams,Fleetwood Mac,1977,2015,338
Smooth Criminal,Michael Jackson,1988,2015,339
Romeo And Juliet,Dire Straits,1980,2015,340
Der Weg,Herbert Gr"onemeyer,2002,2015,341
Bad Moon Rising,Creedence Clearwater Revival,1969,2015,342
I Follow Rivers,Triggerfinger,2012,2015,343
Dat Komt Door Jou,Guus Meeuwis,2009,2015,344
L.A. Woman,The Doors,1971,2015,345
Three Little Birds,Bob Marley & The Wailers,1977,2015,346
Starlight,Muse,2006,2015,347
Eagle,ABBA,1978,2015,348
Une Belle Histoire,Michel Fugain,1972,2015,349
Another Love,Tom Odell,2012,2015,350
The Whole Of The Moon,The Waterboys,1986,2015,351
The Weight,The Band,1968,2015,352
Walk Of Life,Dire Straits,1985,2015,353
Fields Of Gold,Eva Cassidy,1998,2015,354
Time In A Bottle,Jim Croce,1973,2015,355
I Don't Want To Miss A Thing,Aerosmith,1998,2015,356
Light My Fire,The Doors,1967,2015,357
Fantasy,Earth Wind & Fire,1978,2015,358
Beat It,Michael Jackson,1983,2015,359
Hey Joe,Jimi Hendrix Experience,1967,2015,360
Wonderful Tonight,Eric Clapton,1988,2015,361
Conquest Of Paradise,Vangelis,1995,2015,362
The Logical Song,Supertramp,1979,2015,363
A Night Like This,Caro Emerald,2009,2015,364
Liverpool Rain,Racoon,2012,2015,365
Vienna,Ultravox,1981,2015,366
One Step Beyond,Madness,1979,2015,367
I'm Not In Love,10CC,1975,2015,368
What A Wonderful World,Louis Armstrong,1968,2015,369
Harder Dan Ik Hebben Kan,Blof,1999,2015,370
Twilight Zone,Golden Earring,1982,2015,371
Demons,Imagine Dragons,2014,2015,372
My Way,Frank Sinatra,1969,2015,373
Baker Street,Gerry Rafferty,1978,2015,374
Papa Was A Rolling Stone,The Temptations,1972,2015,375
Unfinished Sympathy,Massive Attack,1991,2015,376
Supermassive Black Hole  ,Muse ,2006,2015,377
Birds,Anouk,2013,2015,378
Bliss,Muse,2002,2015,379
Zelfs Je Naam Is Mooi,Henk Westbroek,1998,2015,380
I Will Always Love You,Whitney Houston,1992,2015,381
Geef Mij Je Angst,Andre Hazes,1983,2015,382
Poison,Alice Cooper,1989,2015,383
One Of These Nights,Eagles,1975,2015,384
A Horse With No Name,America,1972,2015,385
Every Breath You Take,The Police,1983,2015,386
Sterrenstof,De Jeugd Van Tegenwoordig,2010,2015,387
Afscheid Nemen Bestaat Niet,Marco Borsato,2003,2015,388
Owner Of A Lonely Heart,Yes,1983,2015,389
Niemand In De Stad,De Dijk,1990,2015,390
God Is A DJ,Faithless,2004,2015,391
Pompeii,Bastille,2013,2015,392
Against All Odds,Phil Collins,1984,2015,393
Nothing Compares 2 U,Sinead O'Connor,1990,2015,394
De Vlieger,Andre Hazes,1977,2015,395
Eleanor Rigby,The Beatles,1966,2015,396
I Was Made For Loving You,Kiss,1979,2015,397
Money,Pink Floyd,1973,2015,398
Songbird,Fleetwood Mac,1977,2015,399
A Boy Named Sue,Johnny Cash,1969,2015,400
Thank You For The Music,ABBA,1978,2015,401
She's Always A Woman To Me,Billy Joel,1978,2015,402
Dansen Op De Vulkaan,De Dijk,1987,2015,403
Leningrad,Billy Joel,1989,2015,404
Maid Of Orleans,Orchestral Manoeuvres In The Dark,1982,2015,405
I Want You,Elvis Costello,1986,2015,406
Still Loving You,Scorpions,1987,2015,407
Mad World,Gary Jules,2002,2015,408
Mag Het Licht Uit,De Dijk,1987,2015,409
Hocus Pocus,Focus,1971,2015,410
99 Luftballons,Nena,1983,2015,411
Blowing In The Wind,Bob Dylan,1963,2015,412
Another Day In Paradise,Phil Collins,1989,2015,413
Sebastian,Cockney Rebel,1973,2015,414
Sweet Home Alabama,Lynyrd Skynyrd,1974,2015,415
Hey Brother,Avicii,2013,2015,416
Suzanne,Leonard Cohen,1968,2015,417
No Mercy,Racoon,2011,2015,418
Dansen Aan Zee,Blof,2000,2015,419
Shoes Of Lightning,Racoon,2013,2015,420
Welterusten Meneer De President,Boudewijn De Groot,1966,2015,421
Onderweg,Abel,2000,2015,422
Chasing Pavements,Adele,2008,2015,423
Hier Kom Ik Weg,Daniel Lohues,2008,2015,424
Living On A Prayer,Bon Jovi,1986,2015,425
Rehab,Amy Winehouse,2007,2015,426
I Would Stay,Krezip,2000,2015,427
Stay With Me,Sam Smith,2014,2015,428
The Long And Winding Road,The Beatles,1970,2015,429
The A Team,Ed Sheeran,2011,2015,430
I Still Cry,Ilse DeLange,2000,2015,431
Penny Lane,The Beatles,1967,2015,432
They Don't Care About Us,Michael Jackson,1996,2015,433
Golden Brown,The Stranglers,1982,2015,434
Niet Of Nooit Geweest,Acda En De Munnik,1998,2015,435
I Will Wait,Mumford & Sons,2012,2015,436
Liefde Van Later,Herman Van Veen,1969,2015,437
Magic,Coldplay,2014,2015,438
Bloasmuziek,Ge Reinders,1999,2015,439
Overcome,Live,2001,2015,440
The Power Of Love,Frankie Goes To Hollywood,1984,2015,441
The Man Who Sold The World (MTV Unplugged),Nirvana,1994,2015,442
Prachtig Mooie Dag,Daniel Lohues,2011,2015,443
Badlands,Bruce Springsteen,1978,2015,444
What It Is,Mark Knopfler,2000,2015,445
Ren Lenny Ren,Acda En De Munnik,2002,2015,446
Ordinary Love,U2,2013,2015,447
Year Of The Cat,Al Stewart,1977,2015,448
Omarm,Blof,2003,2015,449
Sad But True,Metallica,1992,2015,450
Holding Back The Years,Simply Red,1985,2015,451
Tusk,Fleetwood Mac,1979,2015,452
Gravity,John Mayer,2006,2015,453
Easy Livin',Uriah Heep,1973,2015,454
Use Somebody,Kings Of Leon,2008,2015,455
Lippy Kids,Elbow,2011,2015,456
Strong,London Grammar,2014,2015,457
We Will Rock You,Queen,1977,2015,458
Hold The Line,Toto,1979,2015,459
Non Je Ne Regrette Rien,Edith Piaf,1961,2015,460
Turning Tables,Adele,2011,2015,461
Blue Monday,New Order,1983,2015,462
Basket Case,Green Day,1994,2015,463
Wild Horses,The Rolling Stones,1971,2015,464
The Chain,Fleetwood Mac,1977,2015,465
It's My Life,Bon Jovi,2000,2015,466
I Am... I Said,Neil Diamond,1971,2015,467
Michel,Anouk,2000,2015,468
Norwegian Wood (This Bird Has Flown),The Beatles,1965,2015,469
Such A Shame,Talk Talk,1984,2015,470
Daughters,John Mayer,2005,2015,471
Try,Pink,2012,2015,472
Kristallnach,BAP,1983,2015,473
Scar Tissue,Red Hot Chili Peppers,1999,2015,474
Radio Ga Ga,Queen,1984,2015,475
Geen Kind Meer,Karin Bloemen,1996,2015,476
Born Slippy,Underworld,1996,2015,477
Heal The World,Michael Jackson,1992,2015,478
Your Song,Elton John,1971,2015,479
De Verzoening,Frank Boeijen Groep,1987,2015,480
Wake Me Up When September Ends,Green Day,2005,2015,481
Waiting On The World To Change,John Mayer,2006,2015,482
Sharp Dressed Man,ZZ Top,1985,2015,483
Zij Maakt Het Verschil,De Poema's,2001,2015,484
Running With The Devil,Van Halen,1980,2015,485
Albatross,Fleetwood Mac,1969,2015,486
Eye In The Sky,The Alan Parsons Project,1982,2015,487
Chan Chan,Buena Vista Social Club,1997,2015,488
Born In The USA,Bruce Springsteen,1985,2015,489
Halo,Beyonce,2010,2015,490
Hometown Glory,Adele,2009,2015,491
There Is A Light That Never Goes Out,The Smiths,1986,2015,492
New Years Day,U2,1983,2015,493
Waterfront,Simple Minds,1984,2015,494
Hald Mich 'S Vas,Neet Oet Lottum,2005,2015,495
Groot Hart,De Dijk,1985,2015,496
You Are So Beautiful,Joe Cocker,1975,2015,497
Black Magic Woman,Santana,1970,2015,498
The Family Tree,Venice,1999,2015,499
Immigrant Song,Led Zeppelin,1971,2015,500
Max,Paolo Conte,1988,2015,501
Always On My Mind,Elvis Presley,1972,2015,502
Message In A Bottle,The Police,1979,2015,503
American Pie,Don McLean,1972,2015,504
Is She Really Going Out With Him?,Joe Jackson,1979,2015,505
Rhiannon,Fleetwood Mac,1976,2015,506
Het Is Een Nacht,Guus Meeuwis & Vagant,1995,2015,507
The Boys Of Summer,Don Henley,1985,2015,508
Flappie,Youp Van 'T Hek,1981,2015,509
The Turn Of A Friendly Card,The Alan Parsons Project,1980,2015,510
Zij,Marco Borsato,2002,2015,511
Father And Son,Cat Stevens,1971,2015,512
Tubular Bells,Mike Oldfield,1974,2015,513
Zandloper,Typhoon,2014,2015,514
Black Betty,Ram Jam,1978,2015,515
Band On The Run,Paul McCartney & Wings,1974,2015,516
Somebody To Love,George Michael,1993,2015,517
You're The First The Last My Everything,Barry White,1974,2015,518
Keep Your Head Up,Ben Howard,2011,2015,519
Come Together,The Beatles,1967,2015,520
Hold Back The River,James Bay,2014,2015,521
Otherside,Red Hot Chili Peppers,2003,2015,522
Little Wing,Jimi Hendrix,1969,2015,523
I Want To Know What Love Is,Foreigner,1984,2015,524
Staying Alive,Bee Gees,1978,2015,525
Pinball Wizard,The Who,1969,2015,526
People Are Strange,The Doors,1967,2015,527
Ironic,Alanis Morissette,1995,2015,528
So Long,Fischer-Z,1980,2015,529
Trouble,Coldplay,2002,2015,530
Go Like Elijah,Chi Coltrane,1973,2015,531
Valerie,Mark Ronson ft. Amy Winehouse,2007,2015,532
Voodoo Chile (Slight Return) ,Jimi Hendrix ,1968,2015,533
Mooie Dag,Blof,2002,2015,534
Time To Say Goodbye,Andrea Bocelli & Sarah Brightman,1997,2015,535
Not An Addict,K's Choice,1996,2015,536
You'll Be In My Heart,Phil Collins,1999,2015,537
Vincent,Don McLean,1972,2015,538
Everytime I Think Of You,The Babys,1979,2015,539
Another One Bites The Dust,Queen,1980,2015,540
Dirty Diana,Michael Jackson,1988,2015,541
Limburg,Rowwen H`eze,1996,2015,542
Mooi,Marco Borsato,2015,2015,543
Need Your Love So Bad,Fleetwood Mac,1968,2015,544
Take It Easy,Eagles,1972,2015,545
Superstition,Stevie Wonder,1973,2015,546
Last Christmas,Wham!,1984,2015,547
Stop Loving You,Toto,1988,2015,548
Gimme All Your Lovin',ZZ Top,1984,2015,549
Fool On The Hill,The Beatles,1967,2015,550
Nightswimming,R.E.M.,1992,2015,551
Ben,Michael Jackson,1972,2015,552
All I Need,Air,1999,2015,553
The Wind Cries Mary,Jimi Hendrix Experience,1967,2015,554
Something,The Beatles,1969,2015,555
Be My Number Two,Joe Jackson,1984,2015,556
Psycho Killer,Talking Heads,1978,2015,557
Down Under,Men At Work,1982,2015,558
Musica E,Eros Ramazzotti,1989,2015,559
Alive & Kicking,Simple Minds,1985,2015,560
Land Of Confusion,Genesis,1986,2015,561
Almost Cut My Hair,Crosby Stills Nash & Young,1971,2015,562
Follow You Follow Me,Genesis,1978,2015,563
Going To The Run,Golden Earring,1991,2015,564
Nothing Really Matters,Mr. Probz,2014,2015,565
The Final Countdown,Europe,1986,2015,566
Clint Eastwood,Gorillaz,2001,2015,567
Have A Little Faith In Me,John Hiatt,1989,2015,568
Lola,The Kinks,1970,2015,569
Life On Mars,David Bowie,1971,2015,570
Jump,Van Halen,1984,2015,571
Take Me Home Country Roads,John Denver,1971,2015,572
Father And Friend,Alain Clark,2008,2015,573
Slowdancing In A Burning Room,John Mayer,2006,2015,574
Video Games,Lana Del Rey,2011,2015,575
Give Me Love,Ed Sheeran,2012,2015,576
Mijn Houten Hart,De Poema's,1999,2015,577
Breaking The Habit,Linkin Park,2004,2015,578
We Are The Champions,Queen,1977,2015,579
Sailing,Rod Stewart,1975,2015,580
Leave The Light On,Beth Hart,2003,2015,581
How To Save A Life,The Fray,2007,2015,582
Through The Barricades,Spandau Ballet,1986,2015,583
Sinds 1 Dag Of 2 (32 Jaar),Doe Maar,1981,2015,584
Changes,2Pac,1998,2015,585
Locomotive Breath,Jethro Tull,1972,2015,586
Alles Geprobeerd,Het Goede Doel,1986,2015,587
Narcotic,Liquido,1998,2015,588
Fly Me To The Moon,Frank Sinatra,1964,2015,589
Heaven Must Be Missing An Angel,Tavares,1976,2015,590
Real Men,Joe Jackson,1982,2015,591
Nothing Rhymed,Gilbert O'Sullivan,1971,2015,592
(Everything I Do) I Do It For You,Bryan Adams,1991,2015,593
Here Without You,3 Doors Down,2004,2015,594
I'd Do Anything For Love,Meat Loaf,1993,2015,595
Bright Eyes,Art Garfunkel,1979,2015,596
Psycho,Muse,2015,2015,597
Just a Little Bit of Peace in My Heart,Golden Earrings,1968,2015,598
Roll Over Lay Down,Status Quo,1975,2015,599
For Bitter Or Worse,Anouk,2009,2015,600
I Will Follow,U2,1982,2015,601
Slippery People,Talking Heads,1985,2015,602
Love Hurts,Nazareth,1974,2015,603
How You Remind Me,Nickelback,2001,2015,604
Black Hole Sun,Soundgarden,1994,2015,605
Just Give Me A Reason,Pink & Nate Ruess,2012,2015,606
Teardrop,Massive Attack,1998,2015,607
Rain Down On Me,Kane,2002,2015,608
River Deep Mountain High,Ike & Tina Turner,1966,2015,609
Only Time,Enya,2000,2015,610
Lyin' Eyes ,Eagles,1975,2015,611
You Know I'm No Good,Amy Winehouse,2007,2015,612
Russians,Sting,1985,2015,613
Zonder Jou,Paul De Leeuw & Simone Kleinsma,1995,2015,614
Als Het Vuur Gedoofd Is,Acda En De Munnik,1997,2015,615
Nine Million Bicycles,Katie Melua,2005,2015,616
All I Want Is You,U2,1989,2015,617
Stan,Eminem & Dido,2000,2015,618
Leaving On A Jet Plane,John Denver,1969,2015,619
Cloudbusting,Kate Bush,1985,2015,620
A Gentleman's Excuse Me,Fish,1990,2015,621
If You Tolerate This Your Children Will Be Next,Manic Street Preachers,1998,2015,622
Human,The Killers,2008,2015,623
I Am The Walrus,The Beatles,1967,2015,624
Man On The Moon,R.E.M.,1992,2015,625
Tinseltown In The Rain,The Blue Nile,1984,2015,626
I Won't Give Up,Jason Mraz,2012,2015,627
Suzanne,Herman Van Veen,1969,2015,628
Alone,Heart,1987,2015,629
Ik Kan Het Niet Alleen,De Dijk,1989,2015,630
Numb/Encore,Linkin Park & Jay Z,2004,2015,631
New Kid In Town,Eagles,1977,2015,632
My Hometown,Bruce Springsteen,1986,2015,633
Patience,Guns N' Roses,1989,2015,634
Get Back,The Beatles,1969,2015,635
Ain't Got No - I Got Life,Nina Simone,1968,2015,636
My Boy,Elvis Presley,1975,2015,637
In-A-Gadda-Da-Vida,Iron Butterfly,1970,2015,638
Song 2,Blur,1997,2015,639
White Room,Cream,1968,2015,640
Mrs. Robinson,Simon & Garfunkel,1968,2015,641
Zing Voor Me,Lange Frans & The Lau,2010,2015,642
Carry On Wayward Son,Kansas,1977,2015,643
The Times Are A-Changing,Bob Dylan,1964,2015,644
Speeltuin,Marco Borsato,1998,2015,645
Annie's Song,John Denver,1976,2015,646
Driving Home For Christmas,Chris Rea,1986,2015,647
Running Up That Hill,Kate Bush,1985,2015,648
Moondance,Van Morrison,1970,2015,649
Boogie Wonderland,Earth Wind & Fire,1979,2015,650
Walk On The Wild Side,Lou Reed,1973,2015,651
One More Time,Daft Punk,2000,2015,652
Toen Ik Je Zag,Hero,1997,2015,653
How Deep Is Your Love,Bee Gees,1977,2015,654
Here I Go Again,Whitesnake,1987,2015,655
Let Me Entertain You,Robbie Williams,1998,2015,656
One Of These Days,Pink Floyd,1971,2015,657
When Doves Cry,Prince,1984,2015,658
Sovereign Light Cafe,Keane,2012,2015,659
Drops Of Jupiter (Tell Me),Train,2001,2015,660
Lea,The Cats,1968,2015,661
Diamonds,The Boxer Rebellion,2013,2015,662
Who'll Stop The Rain,Creedence Clearwater Revival,1970,2015,663
Total Eclipse Of The Heart,Bonnie Tyler,1983,2015,664
Crazy Little Thing Called Love,Queen,1979,2015,665
Sweet Dreams,Eurythmics,1983,2015,666
If You Could See Me Now,The Script,2013,2015,667
Lullaby,The Cure,1989,2015,668
Sweet Caroline,Neil Diamond,1969,2015,669
Close To The Edge,Yes,1972,2015,670
You've Got A Friend,James Taylor,1971,2015,671
Woman In Love,Barbra Streisand,1980,2015,672
Eye Of The Tiger,Survivor,1982,2015,673
Don't Fear The Reaper,Blue "Oyster Cult,1976,2015,674
London Calling,The Clash,1979,2015,675
Bloedend Hart,De Dijk,1982,2015,676
I Gotta Feeling,The Black Eyed Peas,2009,2015,677
Question,The Moody Blues,1970,2015,678
Live And Let Die,Paul McCartney & Wings,1973,2015,679
Whatever You Want,Status Quo,1979,2015,680
Let Love Rule,Lenny Kravitz,1989,2015,681
Tunnel Of Love ,Dire Straits,1980,2015,682
Message To My Girl,Split Enz,1984,2015,683
You Do Something To Me,Paul Weller,1995,2015,684
One Word,Anouk,2005,2015,685
Dreamer,Supertramp,1974,2015,686
What's Up,4 Non Blondes,1993,2015,687
Jungleland,Bruce Springsteen,1975,2015,688
Stand By Me,Ben E. King,1987,2015,689
Tranen Gelachen,Guus Meeuwis,2007,2015,690
One Way Wind,The Cats,1971,2015,691
Human Nature,Michael Jackson,1983,2015,692
Frozen,Madonna,1998,2015,693
Bedshaped,Keane,2004,2015,694
My Generation,The Who,1965,2015,695
Jimmy,Boudewijn de Groot,1973,2015,696
Con Te Partiro,Andrea Bocelli,1996,2015,697
All You Need Is Love,The Beatles,1967,2015,698
Wrong,Novastar,1999,2015,699
Feeling Good,Michael Buble,2004,2015,700
You're So Vain,Carly Simon,1973,2015,701
Always,Bon Jovi,1994,2015,702
Whiskey In The Jar,Thin Lizzy,1973,2015,703
Never Tear Us Apart,INXS,1988,2015,704
Ordinary World,Duran Duran,1993,2015,705
Never Be Clever,Herman Brood,1979,2015,706
Eloise,Barry Ryan,1968,2015,707
Little Green Bag,George Baker Selection,1969,2015,708
You Can Call Me Al,Paul Simon,1986,2015,709
Careless Whisper,George Michael,1984,2015,710
In The Dutch Mountains,Nits,1987,2015,711
Gaia,Valensia,1993,2015,712
So Long Marianne,Leonard Cohen,1968,2015,713
The Lady In Red,Chris De Burgh,1986,2015,714
Mr. Jones,Counting Crows,1994,2015,715
If You Leave Me Now,Chicago,1976,2015,716
You,Ten Sharp,1991,2015,717
I'm Going Home,Ten Years After,1971,2015,718
Don't Stop,Fleetwood Mac,1977,2015,719
Heart-Shaped Box,Nirvana,1993,2015,720
Wicked Game,Chris Isaak,1991,2015,721
Black Or White,Michael Jackson,1991,2015,722
De Waarheid,Marco Borsato,1996,2015,723
Dani California,Red Hot Chili Peppers,2006,2015,724
Motorcycle Emptiness,Manic Street Preachers,1992,2015,725
New York State Of Mind,Billy Joel,1976,2015,726
Hurt,Christina Aguilera,2006,2015,727
In My Life,The Beatles,1965,2015,728
Like A Prayer,Madonna,1989,2015,729
Counting Stars,One Republic,2013,2015,730
Won't Get Fooled Again,The Who,1971,2015,731
Autobahn,Kraftwerk,1975,2015,732
Parijs,Kenny B,2015,2015,733
In Nije Dei,De Kast,1997,2015,734
Blauwe Ruis,Blof,2002,2015,735
You Ain't Seen Nothing Yet,Bachman Turner Overdrive,1974,2015,736
Sweet Goodbyes,Krezip,2009,2015,737
Once Upon A Time In The West,Ennio Morricone,1968,2015,738
About A Girl (MTV Unplugged),Nirvana,1994,2015,739
Jailhouse Rock,Elvis Presley,1957,2015,740
Brown Sugar,The Rolling Stones,1971,2015,741
You've Got A Friend,Carole King,1971,2015,742
Red Red Wine,UB40,1983,2015,743
Good Riddance (Time Of Your Life),Green Day,1997,2015,744
Lemon Tree,Fools Garden,1996,2015,745
Suzie Q,Creedence Clearwater Revival,1968,2015,746
The Best,Tina Turner,1989,2015,747
The Book Of Love,Gavin James,2015,2015,748
When Love Comes To Town ,U2 & B.B. King ,1989,2015,749
Born To Be Wild,Steppenwolf,1968,2015,750
I Heard It Through The Grapevine,Creedence Clearwater Revival,1973,2015,751
I Have A Dream,ABBA,1979,2015,752
Every Little Thing She Does Is Magic,The Police,1981,2015,753
Anne,Herman van Veen,1986,2015,754
Sign 'O' The Times,Prince,1987,2015,755
Rumour Has It,Adele,2011,2015,756
Beautiful Noise,Neil Diamond,1976,2015,757
I Alone,Live,1995,2015,758
De Weg,Guus Meeuwis,2005,2015,759
This Is The Life,Amy Macdonald,2008,2015,760
Hallelujah,Lisa Lois,2009,2015,761
Mijn Vlakke Land,Jacques Brel,1965,2015,762
'39,Queen,1975,2015,763
Sailing To Philadelphia,James Taylor & Mark Knopfler,2000,2015,764
Rainbow In The Sky  ,Dj Paul Elstak ,1995,2015,765
Purple Haze,Jimi Hendrix,1967,2015,766
Knocking On Heaven's Door,Bob Dylan,1973,2015,767
Happiness,Jonathan Jeremiah,2011,2015,768
Mamma Mia,ABBA,1975,2015,769
Unchained Melody,The Righteous Brothers,1965,2015,770
Layla,Derek & The Dominos,1971,2015,771
Waterloo,ABBA,1974,2015,772
Kan Ik Iets Voor Je Doen?,De Dijk,2011,2015,773
Eternal Flame,The Bangles,1989,2015,774
Lover Of The Light,Mumford & Sons,2012,2015,775
Teach Your Children,Crosby Stills Nash & Young,1970,2015,776
Lust For Life,Iggy Pop,1977,2015,777
De Kapitein Deel II,Acda en De Munnik,2000,2015,778
I'm Not The Only One,Sam Smith,2014,2015,779
Fall,Dotan,2014,2015,780
Ziggy Stardust,David Bowie,1972,2015,781
Help,The Beatles,1965,2015,782
Take Me Out,Franz Ferdinand ,2003,2015,783
Can't Help Falling In Love With You,Elvis Presley,1961,2015,784
Our House,Crosby Stills Nash & Young,1970,2015,785
The One I Love,R.E.M.,1987,2015,786
Rosanna,Toto,1982,2015,787
Memory,Barbra Streisand,1982,2015,788
Pak Maar M'n Hand,Nick & Simon,2007,2015,789
I Heard It Through The Grapevine,Marvin Gaye,1969,2015,790
Can't Stop Loving You,Phil Collins,2002,2015,791
Down Down,Status Quo,1975,2015,792
Orinoco Flow,Enya,1988,2015,793
Titanium,David Guetta & Sia,2011,2015,794
Non Non Rien N'A Change,Les Poppys,1971,2015,795
Miracle,Ilse DeLange,2008,2015,796
Alors On Danse,Stromae,2010,2015,797
See Me Feel Me,The Who,1970,2015,798
Yesterday When I Was Young,Charles Aznavour,1970,2015,799
You're The Voice,John Farnham,1987,2015,800
Little Black Submarines,The Black Keys,2012,2015,801
You'll Never Walk Alone,Gerry & The Pacemakers,1963,2015,802
Let's Dance,David Bowie,1983,2015,803
In A Lifetime,Clannad,1986,2015,804
Self Esteem,The Offspring,1995,2015,805
Superheroes,The Script,2014,2015,806
How You Gonna See Me Now,Alice Cooper,1979,2015,807
Belgie,Het Goede Doel,1982,2015,808
N'oubliez Jamais,Joe Cocker,1997,2015,809
Shake It Off,Taylor Swift,2014,2015,810
Smooth Operator,Sade,1984,2015,811
Foto Van Vroeger,Rob De Nijs,1980,2015,812
Respect,Aretha Franklin,1967,2015,813
I Want It All,Queen,1989,2015,814
Droomland,Paul De Leeuw & Andre Hazes,1993,2015,815
Candle In The Wind 1997,Elton John,1997,2015,816
You're My Best Friend,Queen,1976,2015,817
It Was A Very Good Year,Frank Sinatra,1965,2015,818
So Lonely,The Police,1979,2015,819
Like The Way I Do,Melissa Etheridge,1989,2015,820
Crazy,Seal,1991,2015,821
I Just Can't Help Believin',Elvis Presley,1972,2015,822
She Flies On Strange Wings,Golden Earring,1971,2015,823
Disarm,Smashing Pumpkins,2003,2015,824
Never Gonna Give You Up,Rick Astley,1987,2015,825
Baggy Trousers,Madness,1980,2015,826
Unchain My Heart,Joe Cocker,1987,2015,827
My Heart Will Go On,Celine Dion,1998,2015,828
Take Five,Dave Brubeck,1962,2015,829
Scarborough Fair,Simon & Garfunkel,1966,2015,830
Sloop John B,The Beach Boys,1966,2015,831
Tequila Sunrise,Eagles,1973,2015,832
Auto Vliegtuug,Rowwen H`eze,1999,2015,833
Every Teardrop Is A Waterfall,Coldplay,2011,2015,834
Chiquitita,ABBA,1979,2015,835
Kingston Town,UB40,1990,2015,836
No Surprises,Radiohead,1997,2015,837
Riddles,Kensington,2015,2015,838
Sexual Healing,Marvin Gaye,1982,2015,839
Private Dancer,Tina Turner,1984,2015,840
Think,Aretha Franklin,1968,2015,841
I Want It That Way,Backstreet Boys,1999,2015,842
Tous Les Memes,Stromae,2013,2015,843
I've Got Dreams To Remember,Otis Redding,1968,2015,844
Royals,Lorde,2013,2015,845
Moonlight Shadow,Mike Oldfield & Maggie Reilly,1983,2015,846
A Change Is Gonna Come,Sam Cooke,1964,2015,847
Oh Well - Pt. 1,Fleetwood Mac,1969,2015,848
We All Stand Together,Paul McCartney,1985,2015,849
Jesus He Knows Me,Genesis,1992,2015,850
Ashes To Ashes,David Bowie,1980,2015,851
Uncertain Smile,The The,1984,2015,852
Glory Days,Bruce Springsteen,1985,2015,853
Around The World,Daft Punk,1997,2015,854
Red Mij Niet,Maarten Van Roozendaal,2001,2015,855
Zwart Wit,Frank Boeijen,1984,2015,856
Denis,Blondie,1978,2015,857
Save A Prayer ,Duran Duran,1985,2015,858
Unintended,Muse,2009,2015,859
Streets Of London,Ralph McTell,1972,2015,860
(Something Inside) So Strong,Labi Siffre,1987,2015,861
I'm Yours,Jason Mraz,2008,2015,862
The Passenger,Iggy Pop,1976,2015,863
You Took The Words Right Out Of My Mouth,Meat Loaf,1979,2015,864
Hunting High And Low,a-ha,1986,2015,865
Fake plastic trees,Radiohead,1995,2015,866
I Want You,Bob Dylan,1966,2015,867
Binnen Zonder Kloppen,De Dijk,1985,2015,868
If You Don't Know Me By Now,Simply Red,1989,2015,869
Smack My Bitch Up ,Prodigy ,1997,2015,870
China Girl,David Bowie,1983,2015,871
Don't Cry  ,Guns N' Roses ,1991,2015,872
Story Of My Life,One Direction,2013,2015,873
Once In A Lifetime,Talking Heads,1981,2015,874
Talk,Coldplay,2005,2015,875
Sexy Als Ik Dans,Nielson,2014,2015,876
Everywhere,Fleetwood Mac,1988,2015,877
Il Volo,Zucchero Fornaciari,1996,2015,878
Fire And Rain,James Taylor,1970,2015,879
A Kind Of Magic,Queen,1986,2015,880
Anyplace Anywhere Anytime,Nena & Kim Wilde,2004,2015,881
Words,Bee Gees,1968,2015,882
On Top Of The World,Imagine Dragons,2013,2015,883
Beds Are Burning,Midnight Oil,1988,2015,884
Venus,Shocking Blue,1969,2015,885
He Ain't Heavy He's My Brother,The Hollies,1969,2015,886
Nightporter,Japan,1980,2015,887
Bring Me To Life,Evanescence,2003,2015,888
Dodenrit,Drs. P,1974,2015,889
Everybody Needs Somebody To Love,The Blues Brothers,1989,2015,890
Just Say Yes,Snow Patrol,2009,2015,891
Faster,Within Temptation,2011,2015,892
Michelle,The Beatles,1966,2015,893
She's A Rainbow,The Rolling Stones,1967,2015,894
Mull Of Kintyre,Paul McCartney & Wings,1977,2015,895
Ace Of Spades,Mot"orhead,1980,2015,896
Where Is The Love,The Black Eyed Peas,2003,2015,897
Top Of The World,Carpenters,1973,2015,898
Het Werd Zomer,Rob De Nijs,1977,2015,899
De Peel In Brand,Rowwen H`eze,2005,2015,900
Rebel Rebel,David Bowie,1974,2015,901
Can't Hold Us,Macklemore & Ryan Lewis,2012,2015,902
Mensch,Herbert Gr"onemeyer,2004,2015,903
Flink Zijn,Robert Long,1977,2015,904
Budapest,George Ezra,2014,2015,905
Promises Of No Man's Land,Blaudzun,2014,2015,906
Tom Traubert's Blues,Tom Waits,1976,2015,907
Do They Know It's Christmas,Band Aid,1984,2015,908
Binnen,Marco Borsato,1999,2015,909
Speed Of Sound,Coldplay,2005,2015,910
Happy New Year,ABBA,1980,2015,911
Hello,Lionel Richie,1984,2015,912
Firestarter,Prodigy,1996,2015,913
Crazy On You,Heart,1977,2015,914
After Midnight,J.J. Cale,1972,2015,915
Come On Eileen,Dexy's Midnight Runners,1982,2015,916
Breakthru,Queen,1989,2015,917
Ik Leef Niet Meer Voor Jou,Marco Borsato,1996,2015,918
Ruby Tuesday,The Rolling Stones,1967,2015,919
Life's What You Make It,Talk Talk,1985,2015,920
Wanted Dead Or Alive,Bon Jovi,1987,2015,921
Chop Suey!,System Of A Down,2001,2015,922
Vivo Per Lei,Andrea Bocelli,1996,2015,923
School's Out,Alice Cooper,1972,2015,924
Shut Your Eyes,Snow Patrol,2007,2015,925
Same Love,Macklemore & Ryan Lewis,2013,2015,926
Tie Your Mother Down,Queen,1977,2015,927
Porcelain,Moby,1999,2015,928
I Say A Little Prayer,Aretha Franklin,1968,2015,929
Photograph,Ed Sheeran,2015,2015,930
Roundabout ,Yes,1972,2015,931
Could You Be Loved,Bob Marley & The Wailers,1980,2015,932
Biko,Peter Gabriel,1980,2015,933
Apache,The Shadows,1960,2015,934
Wonderful World,Sam Cooke,1960,2015,935
Tonight,Tina Turner & David Bowie,1988,2015,936
Breakeven,The Script,2008,2015,937
El Condor Pasa,Simon & Garfunkel,1970,2015,938
Belle Hel`ene,Doe Maar,1982,2015,939
Four Seasons In One Day,Crowded House,1992,2015,940
Heaven,Bryan Adams,1985,2015,941
Hall Of Fame,The Script & will.i.am,2012,2015,942
Take Your Time Girl,Niels Geusebroek,2013,2015,943
Mirrors,Justin Timberlake,2013,2015,944
Suicide Is Painless,M.A.S.H.,1970,2015,945
Ordinary People,John Legend,2005,2015,946
Sonne,Rammstein,2001,2015,947
Hero,Family of the Year,2014,2015,948
Johnny B. Goode,Chuck Berry,1958,2015,949
Working Class Hero,John Lennon,1970,2015,950
Circle Of Life,Elton John,1994,2015,951
Run To You,Bryan Adams,1985,2015,952
It's A Man's Man's World,James Brown,1966,2015,953
Vluchten Kan Niet Meer,Frans Halsema & Jenny Arean,1977,2015,954
Start Me Up,The Rolling Stones,1981,2015,955
You Give Love A Bad Name,Bon Jovi,1986,2015,956
Two Out Of Three Ain't Bad,Meat Loaf,1977,2015,957
De Bestemming,Marco Borsato,1998,2015,958
Terug Naar De Kust,Maggie MacNeal,1976,2015,959
On Every Street,Dire Straits,1992,2015,960
Linger,The Cranberries,1993,2015,961
Feeling Good ,Nina Simone ,1965,2015,962
Summertime,Brainbox,1969,2015,963
Daar Gaat Ze,Clouseau,1990,2015,964
Tears Dry On Their Own  ,Amy Winehouse ,2007,2015,965
Mooi Liedje,Acda en De Munnik,1997,2015,966
Nightboat To Cairo,Madness,1980,2015,967
Waiting On A Sunny Day,Bruce Springsteen,2003,2015,968
An American Trilogy,Elvis Presley,1972,2015,969
Waiting On A Friend,The Rolling Stones,1981,2015,970
Alles Is Liefde,Blof,2007,2015,971
Love Like Blood,Killing Joke,1985,2015,972
Nikita,Elton John,1985,2015,973
Road To Nowhere,Talking Heads,1985,2015,974
Sound And Vision,David Bowie,1977,2015,975
Peter Gunn ,Emerson Lake & Palmer,1980,2015,976
Where The Wild Roses Grow,Nick Cave & Kylie Minogue,1995,2015,977
Just Can't Get Enough,Depeche Mode,1985,2015,978
Everybody Wants To Rule The World,Tears For Fears,1985,2015,979
Son Of A Preacher Man,Dusty Springfield,1968,2015,980
Zeg Maar Niets Meer,Andre Hazes,1982,2015,981
In My Place  ,Coldplay ,2002,2015,982
Als Het Golft,De Dijk,2000,2015,983
Take Your Time ,Sam Hunt,2015,2015,984
Friday I'm In Love,The Cure,1992,2015,985
Dromen Zijn Bedrog,Marco Borsato,1994,2015,986
Somebody Will Know Somebody,Cuby & The Blizzards,1967,2015,987
Hide In Your Shell,Supertramp,1974,2015,988
Because The Night,Patti Smith,1978,2015,989
The Eve Of The War,Jeff Wayne & Justin Hayward,1978,2015,990
Bicycle Race,Queen,1978,2015,991
You Oughta Know,Alanis Morissette,1995,2015,992
Waarom Nou Jij,Marco Borsato,1994,2015,993
The Blower's Daughter,Damien Rice,2004,2015,994
It's A Long Way There,Little River Band,1976,2015,995
You're Beautiful,James Blunt,2005,2015,996
Blurred Lines,Robin Thicke,2013,2015,997
Jumping Jack Flash,The Rolling Stones,1968,2015,998
Girl,Anouk,2004,2015,999
Stay,Rihanna feat. Mikky Ekko,2013,2015,1000
I Will Survive,Gloria Gaynor,1979,2015,1001
Breakfast In America,Supertramp,1979,2015,1002
Little Lies,Fleetwood Mac,1987,2015,1003
Hilversum 3,Herman van Veen,1984,2015,1004
Shape of my heart,Sting,1993,2015,1005
Du Hast,Rammstein,1997,2015,1006
State Of Independence,Donna Summer,1982,2015,1007
Close To Me,The Cure,1985,2015,1008
So Incredible,Ilse DeLange,2008,2015,1009
Drive,R.E.M.,1992,2015,1010
Josephine,Chris Rea,1985,2015,1011
Give It Away,Red Hot Chili Peppers,1992,2015,1012
Ik Wou Dat Ik Jou Was,Veldhuis & Kemper,2003,2015,1013
Aanzoek Zonder Ringen,Blof,2007,2015,1014
Harvest,Neil Young,1972,2015,1015
Why Tell Me Why,Anita Meyer,1981,2015,1016
Don't Speak,No Doubt,1996,2015,1017
Fireflies,Owl City,2009,2015,1018
Fool To Cry,The Rolling Stones,1976,2015,1019
Cowboys And Angels,George Michael,1990,2015,1020
Three Days In A Row,Anouk,2009,2015,1021
San Francisco,Scott McKenzie,1967,2015,1022
Weak,Skunk Anansie,1995,2015,1023
No Limit,2 Unlimited,1993,2015,1024
Give Peace A Chance,John Lennon & Plastic Ono Band,1969,2015,1025
Things We Lost In The Fire,Bastille,2013,2015,1026
Mercedes Benz,Janis Joplin,1970,2015,1027
Dancing In The Street,David Bowie & Mick Jagger,1985,2015,1028
Disco Inferno,The Trammps,1977,2015,1029
It's My Life,Talk Talk,1984,2015,1030
Why Worry,Dire Straits,1985,2015,1031
Little Talks,Of Monsters And Men,2012,2015,1032
The Living Years,Mike & The Mechanics,1989,2015,1033
The Life I Live,Q65,1966,2015,1034
Storm And Thunder,Earth & Fire,1971,2015,1035
Keep On Loving You,REO Speedwagon,1981,2015,1036
Everybody's Changing,Keane,2004,2015,1037
Mijn Van Straat Geredde Roos,De Dijk,2008,2015,1038
Let It Go,James Bay,2015,2015,1039
My Sweet Lord,George Harrison,1970,2015,1040
Casser La Voix (Live),Patrick Bruel,1992,2015,1041
7 Seconds,Youssou N'Dour & Neneh Cherry,1994,2015,1042
Going To A Town,Rufus Wainwright,2007,2015,1043
Working On A Dream,Bruce Springsteen,2008,2015,1044
De Bom,Doe Maar,1982,2015,1045
Don't Dream It's Over,Crowded House,1987,2015,1046
Goodbye My Lover,James Blunt,2005,2015,1047
Love Is All,Roger Glover & Guests,1975,2015,1048
The Worker,Fischer-Z,1979,2015,1049
Glory Box,Portishead,1994,2015,1050
The Rising,Bruce Springsteen,2002,2015,1051
Sometimes You Can't Make It On Your Own,U2,2004,2015,1052
Lucy In The Sky With Diamonds,The Beatles,1967,2015,1053
Il Est Cinq Heures Paris S'eveille,Jacques Dutronc,1968,2015,1054
Listen To The Music,The Doobie Brothers,1972,2015,1055
25 Or 6 To 4,Chicago,1970,2015,1056
Ik Heb Je Lief,Stef Bos,1992,2015,1057
Walking In Memphis,Marc Cohn,1991,2015,1058
Songbird,Eva Cassidy,1998,2015,1059
She Will Be Loved,Maroon 5,2004,2015,1060
Brick By Brick,Racoon,2014,2015,1061
Voor Ik Vergeet,Spinvis,2002,2015,1062
Touch Me,The Doors,1969,2015,1063
Big Log,Robert Plant,1983,2015,1064
More Than Words,Extreme,1991,2015,1065
Give A Little Bit,Supertramp,1977,2015,1066
I Want You To Want Me,Cheap Trick,1979,2015,1067
Love Is A Battlefield,Pat Benatar,1984,2015,1068
Watermensen,3JS,2008,2015,1069
Massachusetts,Bee Gees,1967,2015,1070
Blueberry Hill,Fats Domino,1957,2015,1071
Beautiful People,Melanie,1969,2015,1072
Get Ready,Rare Earth,1970,2015,1073
Maybe I'm Amazed,Paul McCartney & Wings,1977,2015,1074
Boys Are Back In Town  ,Thin Lizzy ,1976,2015,1075
I Can't Make You Love Me ,Bonnie Raitt,1991,2015,1076
No Good In Goodbye,The Script,2014,2015,1077
Nergens Goed Voor,De Dijk,1989,2015,1078
Lego House,Ed Sheeran,2012,2015,1079
Roar,Katy Perry,2013,2015,1080
Wonderfull Days,Charlie Lownoise & Mental Theo,1994,2015,1081
A Long December,Counting Crows,1996,2015,1082
Islands In The Stream,Dolly Parton & Kenny Rogers,1983,2015,1083
Behind Blue Eyes,Limp Bizkit,2004,2015,1084
Dancin' Fool,Frank Zappa,1979,2015,1085
Lay All Your Love On Me,ABBA,1981,2015,1086
Shout!,Tears For Fears,1985,2015,1087
Sammy,Ramses Shaffy,1966,2015,1088
MacArthur Park,Donna Summer,1978,2015,1089
Papa Can You Hear Me?,Barbra Streisand,1983,2015,1090
One Vision,Queen,1985,2015,1091
Give Up Your Guns,The Buoys,1972,2015,1092
All I Want For Christmas Is You,Mariah Carey,1994,2015,1093
Dust Bowl,Joe Bonamassa,2011,2015,1094
I Wish It Would Rain Down,Phil Collins,1990,2015,1095
Are You Gonna Go My Way,Lenny Kravitz,1993,2015,1096
Let the River In,Dotan,2015,2015,1097
Stuck In A Moment,U2,2000,2015,1098
Long As I Can See The Light,Creedence Clearwater Revival,1970,2015,1099
Sledgehammer,Peter Gabriel,1986,2015,1100
Kiss,Prince,1986,2015,1101
No Surrender,Kane,2009,2015,1102
When I Was Your Man,Bruno Mars,2013,2015,1103
Me Gustas Tu,Manu Chao,2000,2015,1104
Need You Now,Lady Antebellum,2010,2015,1105
Forever Autumn,Jeff Wayne & Justin Hayward,1978,2015,1106
De Blues Verlaat Je Nooit,De Dijk,2012,2015,1107
Scarlet Ribbons,The Cats,1969,2015,1108
Honky Tonk Women,The Rolling Stones,1969,2015,1109
Firth Of Fifth,Genesis,1973,2015,1110
Take The Long Way Home,Supertramp,1979,2015,1111
Marian,The Cats,1969,2015,1112
Appleknockers Flophouse,Cuby & The Blizzards,1969,2015,1113
Ich Bin Wie Du,Marianne Rosenberg,1976,2015,1114
Mannish Boy,Muddy Waters,1988,2015,1115
When A Man Loves A Woman,Percy Sledge,1966,2015,1116
You Can Leave Your Hat On,Joe Cocker,1986,2015,1117
Big Love,Fleetwood Mac,1987,2015,1118
Love Never Felt So Good,Michael Jackson & Justin Timberlake,2014,2015,1119
I Feel Love,Donna Summer,1977,2015,1120
Gangsta's Paradise,Coolio,1995,2015,1121
Bend And Break,Keane,2005,2015,1122
Listen,Beyonce,2007,2015,1123
Perhaps Love,John Denver,1981,2015,1124
Heartbreak Warfare,John Mayer,2010,2015,1125
Black Night,Deep Purple,1970,2015,1126
Miss You,The Rolling Stones,1978,2015,1127
MacArthur Park,Richard Harris,1968,2015,1128
The Air That I Breathe,The Hollies,1974,2015,1129
Babel,Mumford & Sons,2013,2015,1130
Yours Is No Disgrace,Yes,1971,2015,1131
You'll Never Walk Alone,Lee Towers,1976,2015,1132
Europa (Earth's Cry Heaven Smile),Santana,1977,2015,1133
Candy,Iggy Pop & Kate Pierson,1990,2015,1134
Home,Michael Buble,2004,2015,1135
She's Leaving Home,The Beatles,1967,2015,1136
Addicted To You,Avicii,2014,2015,1137
Walking On The Moon,The Police,1979,2015,1138
L'Amour Toujours,Gigi D'Agostino,1999,2015,1139
Master of Puppets,Metallica,1986,2015,1140
Tribute,Tenacious D,2003,2015,1141
On The Road Again,Canned Heat,1968,2015,1142
Wannabe,Spice Girls,1996,2015,1143
Why Does My Heart Feel So Bad?,Moby,1999,2015,1144
Hart Van Mijn Gevoel,De Kast,1999,2015,1145
Cry Me A River,Justin Timberlake,2002,2015,1146
Avalon,Roxy Music,1982,2015,1147
Boys Don't Cry,The Cure,1986,2015,1148
I've Got You Under My Skin,Frank Sinatra,1956,2015,1149
Livin' Thing,Electric Light Orchestra,1976,2015,1150
Sorry,Justin Bieber,2015,2015,1151
Tuesday Afternoon,The Moody Blues,1968,2015,1152
A Ton Of Love,Editors,2013,2015,1153
The Wall Street Shuffle,10CC,1974,2015,1154
Jesus To A Child,George Michael,1996,2015,1155
Smalltown Boy,Bronski Beat,1984,2015,1156
Remedy,Black Crowes,1992,2015,1157
The Day After Tomorrow,Saybia,2002,2015,1158
Une Belle Histoire,Paul De Leeuw & Alderliefste,2006,2015,1159
Can't Get It Out Of My Head,Electric Light Orchestra,1975,2015,1160
The Way You Make Me Feel,Michael Jackson,1987,2015,1161
Shiny Happy People,R.E.M.,1991,2015,1162
Sex Machine,James Brown,1970,2015,1163
Maggie May,Rod Stewart,1971,2015,1164
The First Time Ever I Saw Your Face,Roberta Flack,1972,2015,1165
Sowing The Seeds Of Love,Tears For Fears,1989,2015,1166
Summertime,Ella Fitzgerald & Louis Armstrong,1957,2015,1167
Does Your Mother Know,ABBA,1979,2015,1168
Song Of The Marching Children,Earth & Fire,1971,2015,1169
Life In Technicolor II,Coldplay,2009,2015,1170
Cocaine,J.J. Cale,1976,2015,1171
I Wish,Stevie Wonder,1977,2015,1172
True Colours,Cyndi Lauper,1986,2015,1173
1979,Smashing Pumpkins,1996,2015,1174
The Dolphin's Cry,Live,1999,2015,1175
Secrets,One Republic,2010,2015,1176
Open Je Ogen,Blof,2014,2015,1177
Make Me Smile (Come Up And See Me),Steve Harley & Cockney Rebel,1975,2015,1178
Still Believe,Herman Brood,1978,2015,1179
Driver's Seat,Sniff 'n' The Tears,1980,2015,1180
I'm Not So Tough,Ilse DeLange,1998,2015,1181
Kijk Omhoog,Nick & Simon,2007,2015,1182
Atlas,Coldplay,2013,2015,1183
Let's Get It On   ,Marvin Gaye ,1973,2015,1184
Always Look On The Bright Side Of Life,Monty Python,1981,2015,1185
The Saints Are Coming,U2 & Green Day,2006,2015,1186
Violet Hill,Coldplay,2008,2015,1187
Nathalie,Gilbert Becaud,1964,2015,1188
Senza Una Donna,Zucchero Fornaciari,1988,2015,1189
Walk,Foo Fighters,2011,2015,1190
Is Dit Alles,Doe Maar,1982,2015,1191
Vertigo,U2,2004,2015,1192
For No One,The Beatles,1966,2015,1193
House For Sale,Lucifer,1975,2015,1194
The Way It Is,Bruce Hornsby & The Range,1986,2015,1195
Listen To Your Heart,Roxette,1988,2015,1196
In The Year 2525,Zager & Evans,1969,2015,1197
Oxygene IV,Jean Michel Jarre,1977,2015,1198
This Is Not America,David Bowie & Pat Metheny,1985,2015,1199
One Love - People Get Ready,Bob Marley & The Wailers,1984,2015,1200
Beautiful Goodbye,Amanda Marshall,1995,2015,1201
Nescio,Nits,1983,2015,1202
In Dreams,Roy Orbison,1963,2015,1203
Born On The Bayou,Creedence Clearwater Revival,1969,2015,1204
Burning Love,Elvis Presley,1972,2015,1205
Don't Let Me Be Misunderstood,Santa Esmeralda,1977,2015,1206
Magnificent,U2,2009,2015,1207
Down Man,Brainbox,1969,2015,1208
Fernando,ABBA,1975,2015,1209
Waterloo Sunset,The Kinks,1967,2015,1210
Smoorverliefd,Doe Maar,1981,2015,1211
Theme From Harry's Game,Clannad,1983,2015,1212
Bestel Mar,Rowwen H`eze,1992,2015,1213
Mijn Gebed,D.C. Lewis,1970,2015,1214
Les Lacs Du Connemara,Michel Sardou,1982,2015,1215
Sky On Fire,Handsome Poets,2012,2015,1216
Mr. Bojangles,Sammy Davis Jr.,1972,2015,1217
Sgt Pepper's Lonely Hearts Club Band,The Beatles,1967,2015,1218
Het Land Van Maas En Waal,Boudewijn de Groot,1967,2015,1219
Calypso,John Denver,1975,2015,1220
How Soon Is Now,The Smiths,1984,2015,1221
Voltooid Verleden Tijd,Is Ook Schitterend,1997,2015,1222
Stir It Up,Bob Marley & The Wailers,1979,2015,1223
Wild Rover,Dubliners,1964,2015,1224
Cambodia,Kim Wilde,1981,2015,1225
Estranged,Guns N' Roses,1994,2015,1226
Proud Mary,Creedence Clearwater Revival,1969,2015,1227
Stuck In The Middle With You,Stealers Wheel,1973,2015,1228
What Do You Mean?,Justin Bieber,2015,2015,1229
Forbidden Colours,David Sylvian,1983,2015,1230
Heaven For Everyone,Queen,1995,2015,1231
A Thing Called Love,Johnny Cash,1972,2015,1232
Gold,Spandau Ballet,1983,2015,1233
Wat Zou Je Doen,Blof,1998,2015,1234
50 Ways To Leave Your Lover,Paul Simon,1976,2015,1235
Tainted Love,Soft Cell,1981,2015,1236
Human Touch,Bruce Springsteen,1992,2015,1237
Like The Way I Do (live) ,Melissa Etheridge,1993,2015,1238
Georgia On My Mind,Ray Charles,1960,2015,1239
Spicks And Specks,Bee Gees,1967,2015,1240
Don't Stop Till You Get Enough,Michael Jackson,1979,2015,1241
Move On Up,Curtis Mayfield,1971,2015,1242
A Different Corner,George Michael,1986,2015,1243
We Come 1,Faithless,2001,2015,1244
Ouverture,The Who,1969,2015,1245
Rockin' All Over The World,Status Quo,1977,2015,1246
I Won't Let You Down,PHD,1981,2015,1247
Dear Mama,2Pac,1998,2015,1248
Hey Ya!,OutKast,2004,2015,1249
Golden Years,David Bowie,1976,2015,1250
Too Much Love Will Kill You,Brian May,1992,2015,1251
With You,Matt Simons,2013,2015,1252
Smooth,Santana & Rob Thomas,1999,2015,1253
Every Breaking Wave,U2,2014,2015,1254
Knowing Me Knowing You,ABBA,1977,2015,1255
Wild Places,Duncan Browne,1979,2015,1256
1999,Prince,1982,2015,1257
I Will Always Love You,Dolly Parton,1983,2015,1258
All The Small Things,Blink 182,1999,2015,1259
Relight My Fire,Dan Hartman,1980,2015,1260
Bird Of Paradise,Snowy White,1984,2015,1261
The Promise You Made,Cock Robin,1986,2015,1262
One Moment In Time,Whitney Houston,1988,2015,1263
Don't Let The Sun Go Down On Me,George Michael & Elton John,1991,2015,1264
Don't Answer Me,The Alan Parsons Project,1984,2015,1265
Send Me An Angel,Scorpions,1991,2015,1266
Holes,Passenger,2013,2015,1267
We Can Work It Out,The Beatles,1965,2015,1268
Moon Over Bourbon Street,Sting,1985,2015,1269
Shut Up And Dance,Walk The Moon,2014,2015,1270
Lessons In Love,Level 42,1986,2015,1271
You Make Me Feel Like A Natural Woman,Aretha Franklin,1967,2015,1272
Mandy,Barry Manilow,1974,2015,1273
Don't Bring Me Down,Electric Light Orchestra,1979,2015,1274
Angel Of Harlem,U2,1988,2015,1275
Stranger In Moscow,Michael Jackson,1996,2015,1276
Sir Duke,Stevie Wonder,1977,2015,1277
Easy Lover,Phil Collins & Philip Bailey,1985,2015,1278
Family Portrait,Pink,2003,2015,1279
The Hardest Part,Coldplay,2006,2015,1280
Geronimo,Sheppard,2014,2015,1281
Verdammt Ich Lieb' Dich,Matthias Reim,1990,2015,1282
Close To You,Michael Prins,2013,2015,1283
Nights On Broadway,Bee Gees,1975,2015,1284
Always On My Mind,Willie Nelson,1984,2015,1285
New York Minute,Don Henley,1989,2015,1286
Isn't It Time,The Babys,1977,2015,1287
Times Are Changing,DI-RECT,2009,2015,1288
Gloria,Them,1967,2015,1289
Back It Up,Caro Emerald,2009,2015,1290
Diamonds,Rihanna,2012,2015,1291
Jessica,Allman Brothers Band,1976,2015,1292
Brilliant Disguise,Bruce Springsteen,1987,2015,1293
Sometimes It Snows In April,Prince & The Revolution,1996,2015,1294
Let's Stay Together,Al Green,1971,2015,1295
Break On Through (To The Other Side),The Doors,1967,2015,1296
L.A. Song (Out Of This Town),Beth Hart,1999,2015,1297
Don't Know Why,Norah Jones,2002,2015,1298
R U Kiddin' Me,Anouk,1999,2015,1299
Love Me Tender,Elvis Presley,1956,2015,1300
Het Land Van...,Lange Frans & Baas B,2005,2015,1301
Back Home,Golden Earring,1970,2015,1302
Wat Zou Je Doen,Marco Borsato & Ali B,2004,2015,1303
Jerusalem,Anouk,2005,2015,1304
Hero,Enrique Iglesias,2001,2015,1305
Read All About It Pt. 3,Emeli Sande,2013,2015,1306
Rock 'n Roll Highschool,Ramones,1980,2015,1307
Lovely Day,Bill Withers,1978,2015,1308
My Baby Just Cares For Me,Nina Simone,1987,2015,1309
Fairground,Simply Red,1995,2015,1310
Vogue,Madonna,1990,2015,1311
Accidentally In Love,Counting Crows,2004,2015,1312
Guilty,Barbra Streisand,1980,2015,1313
Isn't She Lovely,Stevie Wonder,1976,2015,1314
A Town Called Malice,The Jam,1980,2015,1315
The Reflex,Duran Duran,1984,2015,1316
Handle With Care,Traveling Wilburys,1988,2015,1317
Plush,Stone Temple Pilots,1993,2015,1318
Thank You,Alanis Morissette,1998,2015,1319
Try A Little Tenderness  ,Otis Redding ,1966,2015,1320
I Started A Joke,Bee Gees,1969,2015,1321
Ruby,Kaiser Chiefs,2007,2015,1322
Vriendschap,Het Goede Doel,1983,2015,1323
Love Goes On,The Common Linnets,2014,2015,1324
Hungry Heart,Bruce Springsteen,1980,2015,1325
Will You Be There,Michael Jackson,1993,2015,1326
World Of Hurt,Ilse DeLange,1998,2015,1327
Brother,Racoon,2006,2015,1328
Lost,Coldplay,2008,2015,1329
Le Freak,Chic,1978,2015,1330
Fight For Your Right (To Party)  ,Beastie Boys ,1987,2015,1331
Theme From 'New York New York',Frank Sinatra,1980,2015,1332
Twist And Shout,The Beatles,1963,2015,1333
Tears in the morning,The Beach Boys,1970,2015,1334
Blinded By The Light,Manfred Mann's Earth band,1976,2015,1335
Rendez-Vous 6:02,UK,1979,2015,1336
The Eyes Of Jenny,Sandy Coast,1981,2015,1337
Wanna Be Startin' Something,Michael Jackson,1983,2015,1338
Intro / Sweet Jane,Lou Reed,1974,2015,1339
Midnight Train To Georgia,Gladys Knight & The Pips,1973,2015,1340
Gimme Gimme Gimme,ABBA,1979,2015,1341
Absolute Beginners,David Bowie,1986,2015,1342
Hey There Delilah,Plain White T'S,2007,2015,1343
(They Long To Be) Close To You,Carpenters,1970,2015,1344
Memories,Earth & Fire,1972,2015,1345
Lord Of The Ages,Magna Carta,1973,2015,1346
Banger Hart,Rob De Nijs,1996,2015,1347
Night Fever,Bee Gees,1978,2015,1348
Lola (live),The Kinks,1980,2015,1349
Lucky Man,Emerson Lake & Palmer,1971,2015,1350
Pamela,Toto,1988,2015,1351
Time Stood Still,Bad English,1991,2015,1352
The Road Ahead,City To City,1999,2015,1353
Run To The Water,Live,2000,2015,1354
It's Raining Men,Weather Girls,1983,2015,1355
Why Can't This Be Love  ,Van Halen ,1987,2015,1356
Twist In My Sobriety,Tanita Tikaram,1988,2015,1357
Green Green Grass Of Home,Tom Jones,1966,2015,1358
At Seventeen,Janis Ian,1975,2015,1359
Bad,Michael Jackson,1987,2015,1360
Wheels,Foo Fighters,2009,2015,1361
Midnight Rambler,The Rolling Stones,1969,2015,1362
Old Town,Phil Lynott,1982,2015,1363
Mushanga,Toto,1988,2015,1364
People Help The People,Birdy,2011,2015,1365
Eve Of Destruction,Barry McGuire,1965,2015,1366
As Tears Go By,The Rolling Stones,1966,2015,1367
Love Her Madly,The Doors,1971,2015,1368
Off The Wall,Michael Jackson,1979,2015,1369
Tragedy,Bee Gees,1979,2015,1370
Stay With Me Till The Morning,Vicky Brown,1986,2015,1371
The Road To Mandalay,Robbie Williams,2001,2015,1372
Sing,Ed Sheeran,2014,2015,1373
La Mamma,Charles Aznavour,1964,2015,1374
Mmm Mmm Mmm Mmm,Crash Test Dummies,1994,2015,1375
Love Is All Around,Wet Wet Wet,1994,2015,1376
Lady Jane,The Rolling Stones,1966,2015,1377
Just Like A Woman,Bob Dylan,1966,2015,1378
Everybody,Backstreet Boys,1997,2015,1379
Foolish Games,Jewel,1997,2015,1380
Clown,Emeli Sande,2012,2015,1381
On Shoulders,Chef'Special,2014,2015,1382
I Don't Wanna Hurt,Anouk,2008,2015,1383
The Unforgiven III,Metallica,2008,2015,1384
I'll Have To Say I Love You In A Song,Jim Croce,1974,2015,1385
Raspberry Beret,Prince,1985,2015,1386
J'me Tire,Maitre Gims,2013,2015,1387
Lady d'Arbanville,Cat Stevens,1970,2015,1388
I Surrender ,Saybia,2004,2015,1389
Writing's On The Wall,Sam Smith,2015,2015,1390
When I'm Sixty-Four,The Beatles,1967,2015,1391
Sylvia,Focus,1972,2015,1392
We Belong To The Night,Ellen Foley,1979,2015,1393
You Really Got Me,The Kinks,1964,2015,1394
All Summer Long,Kid Rock,2008,2015,1395
Teach Me How To Dance With You,Causes,2014,2015,1396
Take A Chance On Me,ABBA,1977,2015,1397
Sure Know Something,Kiss,1979,2015,1398
Love Shack,The B-52'S,1989,2015,1399
The Second You Sleep,Saybia,2002,2015,1400
Charlie Brown,Coldplay,2011,2015,1401
Black Velvet,Alannah Myles,1990,2015,1402
Damn Those Eyes,Kane,1999,2015,1403
Monday Monday,The Mamas & The Papas,1966,2015,1404
Annabel,Hans De Booij,1983,2015,1405
Are You Lonesome Tonight,Elvis Presley,1960,2015,1406
Subterranean Homesick Blues,Bob Dylan,1965,2015,1407
Forever Man,Eric Clapton,1985,2015,1408
I'll Be Over You,Toto,1986,2015,1409
Right Next Door (Because Of Me) ,Robert Cray Band ,1987,2015,1410
Secret Garden,Bruce Springsteen,1995,2015,1411
Hungry,Dotan,2015,2015,1412
Mia,Gorki,1992,2015,1413
Show Me The Way,Peter Frampton,1976,2015,1414
Broken Wings,Mr. Mister,1986,2015,1415
No Son Of Mine,Genesis,1991,2015,1416
This Charming Man  ,The Smiths ,1983,2015,1417
Peaceful Easy Feeling,Eagles,1972,2015,1418
Intergalactic  ,Beastie Boys ,1998,2015,1419
Geloven In Het Leven,3JS,2010,2015,1420
Blommenkinders,Armand,1967,2015,1421
How Can We Hang On To A Dream,Tim Hardin,1967,2015,1422
Sunshine Of Your Love,Cream,1968,2015,1423
Suite: Judy Blue Eyes,Crosby Stills & Nash,1969,2015,1424
If There's Something,Roxy Music,1972,2015,1425
Spanish Stroll,Mink DeVille,1977,2015,1426
Everything,Michael Buble,2007,2015,1427
Lay Lady Lay,Bob Dylan,1969,2015,1428
Food For Thought,UB40,1980,2015,1429
Wer Bisto,Twarres,2000,2015,1430
Wind Beneath My Wings,Bette Midler,1988,2015,1431
The Way We Were,Barbra Streisand,1973,2015,1432
Living Doll,Cliff Richard & The Young Ones,1986,2015,1433
Boy In The Bubble,Paul Simon,1987,2015,1434
Vlieg Met Me Mee,Paul De Leeuw,1992,2015,1435
Don't,Ed Sheeran,2014,2015,1436
La Comparsa,ZZ en de Maskers,1964,2015,1437
Celluloid Heroes,The Kinks,1973,2015,1438
Let The Music Play,Barry White,1976,2015,1439
Mr. Blue,Rene Klijn,1993,2015,1440
I've Been Loving You Too Long,Otis Redding,1965,2015,1441
Sylvia's Mother,Dr. Hook,1972,2015,1442
Anak,Freddie Aguilar,1980,2015,1443
It's A Sin,Pet Shop Boys,1987,2015,1444
Sunrise,Norah Jones,2004,2015,1445
The Fear,Ben Howard,2012,2015,1446
Winter,Tori Amos,1992,2015,1447
Voir Un Ami Pleurer,Jacques Brel,1961,2015,1448
I Saw Her Standing There,The Beatles,1963,2015,1449
Cold As Ice,Foreigner,1977,2015,1450
It's All Over Now,The Rolling Stones,1964,2015,1451
Bright Side Of The Road,Van Morrison,1979,2015,1452
Late In The Evening,Paul Simon,1980,2015,1453
Hedonism,Skunk Anansie,1997,2015,1454
Een Tip Van De Sluier,Boudewijn de Groot,1980,2015,1455
So Far Away,Dire Straits,1985,2015,1456
Home,Simply Red,2003,2015,1457
For The First Time,The Script,2010,2015,1458
Hier,Blof,2000,2015,1459
For What It's Worth,Buffalo Springfield,1967,2015,1460
La Isla Bonita,Madonna,1987,2015,1461
Here There And Everywhere,The Beatles,1966,2015,1462
War,Bruce Springsteen,1980,2015,1463
In Between Days,The Cure,1985,2015,1464
Can You Feel The Love Tonight,Elton John,1994,2015,1465
Diamante,Zucchero Fornaciari,1986,2015,1466
Don't Leave Me This Way,The Communards,1986,2015,1467
De Wedstrijd,Bram Vermeulen,1991,2015,1468
I Got A Name,Jim Croce,1975,2015,1469
Steppin' Out,Joe Jackson,1982,2015,1470
Wake Me Up Before You Gogo,Wham!,1984,2015,1471
Kings And Queens,Thirty Seconds  To Mars,2009,2015,1472
Skinny Love,Birdy,2011,2015,1473
Still Crazy After All These Years,Paul Simon,1975,2015,1474
The Drugs Don't Work,The Verve,1997,2015,1475
Sacrifice,Anouk,1998,2015,1476
Hard Sun,Eddie Vedder,2007,2015,1477
On The Border,Al Stewart,1977,2015,1478
Rappers Delight,Sugarhill Gang,1979,2015,1479
Why,Annie Lennox,1992,2015,1480
Watskeburt,Jeugd Van Tegenwoordig,2005,2015,1481
Thrift shop,Macklemore & Ryan Lewis,2013,2015,1482
Somebody To Love,Jefferson Airplane,1970,2015,1483
Honesty,Billy Joel,1979,2015,1484
Hijo De La Luna,Mecano,1990,2015,1485
Good Year For The Roses,Elvis Costello,1981,2015,1486
One Of Us,ABBA,1981,2015,1487
Into Temptation,Crowded House,1989,2015,1488
Weather With You,Crowded House,1992,2015,1489
Fear Of The Dark,Iron Maiden,1993,2015,1490
Mercy,Muse ,2015,2015,1491
La Vie En Rose,Grace Jones,1977,2015,1492
It's Over,Level 42,1987,2015,1493
Sweet Disposition,The Temper Trap,2009,2015,1494
Hit The Road Jack,Ray Charles,1961,2015,1495
Meester Prikkebeen,Boudewijn de Groot,1968,2015,1496
West End Girls,Pet Shop Boys,1986,2015,1497
La Solitudine,Laura Pausini,1993,2015,1498
Somebody Told Me ,Killers ,2004,2015,1499
Firework,Katy Perry,2010,2015,1500
Euphoria,Loreen,2012,2015,1501
Yellow Submarine,The Beatles,1966,2015,1502
Live To Tell,Madonna,1986,2015,1503
If I Were A Boy,Beyonce,2008,2015,1504
Do It Again,Steely Dan,1972,2015,1505
Lady Madonna,The Beatles,1968,2015,1506
Why,The Cats,1969,2015,1507
I Would Die 4 U,Prince,1984,2015,1508
Beast Of Burden,Bette Midler,1984,2015,1509
Love In An Elevator,Aerosmith,1989,2015,1510
White Flag,Dido,2003,2015,1511
New Shoes   ,Paolo Nutini ,2006,2015,1512
Wat Is Dromen,Ellen Ten Damme & 3JS,2010,2015,1513
Get Up Stand Up,Bob Marley & The Wailers,1973,2015,1514
Chandelier ,Sia ,2013,2015,1515
She's The One,Robbie Williams,1999,2015,1516
Wereld Zonder Jou,Marco Borsato & Trijntje Oosterhuis,1997,2015,1517
Daughter,Pearl Jam,1993,2015,1518
Two Tribes,Frankie Goes To Hollywood,1984,2015,1519
Torn,Natalie Imbruglia,1997,2015,1520
Beast Of Burden,The Rolling Stones,1978,2015,1521
Hoe,Nielson & Miss Montreal,2013,2015,1522
Laat Me Alleen,Rita Hovink,1977,2015,1523
Little Red Rooster,The Rolling Stones,1965,2015,1524
Waarom Fluister Ik Je Naam Nog,Benny Neyman,1985,2015,1525
Stars,Simply Red,1991,2015,1526
The Wrong Direction,Passenger,2013,2015,1527
Dance The Night Away,The Mavericks,1998,2015,1528
The Jean Genie,David Bowie,1973,2015,1529
Thank God I'm A Country Boy,John Denver,1975,2015,1530
Who Are You,The Who,1978,2015,1531
Skandal Im Sperrbezirk,Spider Murphy Gang,1982,2015,1532
That Was Yesterday,Foreigner,1985,2015,1533
Save Tonight,Eagle Eye Cherry,1998,2015,1534
Walk On,U2,2000,2015,1535
It's  A Beautiful Day,Michael Buble,2013,2015,1536
Starless,King Crimson,1974,2015,1537
Shout,The Trammps,1975,2015,1538
What A Fool Believes,The Doobie Brothers,1978,2015,1539
Bad Romance,Lady Gaga,2009,2015,1540
Changes ,David Bowie ,1971,2015,1541
Love On The Rocks,Neil Diamond,1980,2015,1542
Ode To My Family,The Cranberries,1995,2015,1543
Pretty Fly (For A White Guy),The Offspring,1999,2015,1544
See Emily Play,Pink Floyd,1967,2015,1545
Rosalyn,Vitesse,1982,2015,1546
Blue Hotel,Chris Isaak,1987,2015,1547
Father Figure,George Michael,1988,2015,1548
Op 'T Platteland,Daniel Lohues,2014,2015,1549
Complainte Pour Ste-Catherine,Anna & Kate McGarrigle,1976,2015,1550
This Is My Life,Shirley Bassey,1979,2015,1551
When I Come Around,Green Day,1995,2015,1552
Down On The Corner,Creedence Clearwater Revival,1969,2015,1553
Woman From Tokyo,Deep Purple,1973,2015,1554
Pa,Doe Maar,1983,2015,1555
Everything Has Changed,Taylor Swift ft. Ed Sheeran,2013,2015,1556
September Morn',Neil Diamond,1979,2015,1557
Stiekem Gedanst,Toontje Lager,1983,2015,1558
Met Hart En Ziel,Trockener Kecks,1990,2015,1559
Who Says,John Mayer,2009,2015,1560
Cheerleader (Felix Jaehn Remix),OMI,2015,2015,1561
Cecilia,Simon & Garfunkel,1970,2015,1562
Eres Tu,Mocedades,1973,2015,1563
You Don't Fool Me,Queen,1996,2015,1564
Raise Your Glass,Pink,2010,2015,1565
Freedom,Racoon,2012,2015,1566
Sunny Afternoon,The Kinks,1966,2015,1567
Cajun Moon,J.J. Cale,1973,2015,1568
Ain't Nobody,Rufus & Chaka Khan,1984,2015,1569
Ik Zou Het Zo Weer Over Doen,Marco Borsato & Trijntje Oosterhuis,2013,2015,1570
Fantastig Toch,Eva De Roovere,2007,2015,1571
Boulevard De La Madeleine,The Moody Blues,1966,2015,1572
Homeward Bound,Simon & Garfunkel,1966,2015,1573
Carry On,Crosby Stills Nash & Young,1970,2015,1574
Time Waits For No One,The Rolling Stones,1974,2015,1575
You Can't Hurry Love,Phil Collins,1982,2015,1576
Yesterday Once More,Carpenters,1973,2015,1577
Enola Gay ,Orchestral Manoeuvres In The Dark,1980,2015,1578
I'll Find My Way Home,Jon & Vangelis,1982,2015,1579
In These Arms,Bon Jovi,1993,2015,1580
Rather Be,Clean Bandit feat. Jess Glynne,2014,2015,1581
Against The Wind,Bob Seger,1980,2015,1582
Eyes Without A Face,Billy Idol,1984,2015,1583
I'm A Believer,The Monkees,1966,2015,1584
We Are The World,USA for Africa,1985,2015,1585
I Wanna Dance With Somebody,Whitney Houston,1987,2015,1586
I've Just Lost Somebody,Golden Earring,1968,2015,1587
Burning Heart ,Vandenberg ,1983,2015,1588
Big In Japan,Alphaville,1984,2015,1589
Emma,Hot Chocolate,1974,2015,1590
Dynamite,Mud,1974,2015,1591
We Zullen Doorgaan,Ramses Shaffy,1975,2015,1592
Als De Dag Van Toen,Reinhard Mey,1975,2015,1593
In The Neighborhood,Tom Waits,1983,2015,1594
Our Day Will Come,Amy Winehouse,2011,2015,1595
Meer Kan Het Niet Zijn,Blof & Sabrina Starke,2011,2015,1596
Some Nights,Fun.,2012,2015,1597
Magic man,Heart,1976,2015,1598
Voulez-Vous,ABBA,1979,2015,1599
Virtual Insanity,Jamiroquai,1996,2015,1600
Crazy,Gnarls Barkley,2006,2015,1601
Hemingway,Blof,2007,2015,1602
This Time,John Legend,2009,2015,1603
Hou Vol Hou Vast,Blof,2011,2015,1604
Feel Like Making Love,Bad Company,1975,2015,1605
Unbeschreiblich Weiblich,Nina Hagen,1979,2015,1606
Greatest Love Of All,Whitney Houston,1986,2015,1607
Starlight Dancer,Kayak,1977,2015,1608
The Model,Kraftwerk,1978,2015,1609
Pour Que Tu M'Aimes Encore,Celine Dion,1995,2015,1610
Wit Licht,Jeroen Van Koningsbrugge,2015,2015,1611
Arnold Layne,Pink Floyd,1971,2015,1612
Let It Grow,Eric Clapton,1974,2015,1613
No Regrets,The Walker Brothers,1976,2015,1614
Sunrise,Simply Red,2003,2015,1615
Love Me Again,John Newman,2013,2015,1616
Locked Out of Heaven,Bruno Mars,2012,2015,1617
The Devil Went Down To Georgia,Charlie Daniels Band,1979,2015,1618
Proosten,Guus Meeuwis,2007,2015,1619
Just The Way You Are,Bruno Mars,2010,2015,1620
Strangers In The Night,Frank Sinatra,1966,2015,1621
Lolo Montez,Volbeat,2013,2015,1622
Love Rears Its Ugly Head,Living Colour,1990,2015,1623
Set The Fire To The Third Bar,Snow Patrol feat. Martha Wainwright,2006,2015,1624
Landslide,Fleetwood Mac,1975,2015,1625
A Hard Day's Night,The Beatles,1964,2015,1626
Times Were When,The Cats,1968,2015,1627
Gute Nacht Freunde,Reinhard Mey,1974,2015,1628
Had To Fall In Love,The Moody Blues,1978,2015,1629
Don't Look Back,Boston,1978,2015,1630
Out Of Space,Prodigy,1993,2015,1631
Supergirl,Reamonn,2000,2015,1632
Sky And Sand,Paul Kalkbrenner,2008,2015,1633
I Don't Want To Talk About It,Rod Stewart,1977,2015,1634
Born To Be Alive,Patrick Hernandez,1979,2015,1635
When You Say Nothing At All,Ronan Keating,1999,2015,1636
Fly Like An Eagle,Steve Miller Band,1976,2015,1637
Love Games,Level 42,1981,2015,1638
Sadeness Part 1,Enigma,1990,2015,1639
A Little Less Conversation,Elvis vs JXL,2002,2015,1640
Heavy Cross,Gossip,2009,2015,1641
Adventure of a Lifetime,Coldplay,2015,2015,1642
Aquarius / Let The Sunshine In,The 5th Dimension,1969,2015,1644
The Elephant Song,Kamahl,1975,2015,1645
Praise You,Fatboy Slim,1998,2015,1646
Maybe Tomorrow,Stereophonics,2003,2015,1647
Wit Licht,Marco Borsato,2008,2015,1648
Happy X-Mas,John Lennon & Plastic Ono Band,1972,2015,1649
Wishful Thinking,China Crisis,1984,2015,1650
Breakfast At Tiffany's,Deep Blue Something,1996,2015,1651
The Closest Thing To Crazy,Katie Melua,2004,2015,1652
Heartbreak Hotel,Elvis Presley,1956,2015,1653
You Don't Bring Me Flowers,Barbra Streisand & Neil Diamond,1978,2015,1654
Wonderful Life,Black,1987,2015,1655
No Ordinary Love,Sade,1992,2015,1656
Crying,Aerosmith,1993,2015,1657
Cosi Celeste,Zucchero Fornaciari,1997,2015,1658
Tell Him,Barbra Streisand,1997,2015,1659
Na"ive,The Kooks,2006,2015,1660
Rock With You,Michael Jackson,1979,2015,1661
Don't Go,Yazoo,1982,2015,1662
Meer Dan Een Ander,Van Dik Hout,1994,2015,1663
Moves Like Jagger,Maroon 5 & Christina Aguilera,2011,2015,1664
Pumped Up Kicks,Foster The People,2011,2015,1665
Gotta Catch 'Em All,Jason Paige,1997,2015,1666
You're The Devil In Disguise,Elvis Presley,1963,2015,1667
Rocket Man  ,Elton John ,1972,2015,1668
Hotel Lounge,dEUS,1994,2015,1669
Mr. Rock & Roll,Amy Macdonald,2008,2015,1670
Later Als Ik Groter Ben,Blof,2012,2015,1671
Fade To Black,Metallica,1984,2015,1672
The Name Of The Game,ABBA,1977,2015,1673
Hou Me Vast,Volumia!,1998,2015,1674
Beautiful,Christina Aguilera,2003,2015,1675
That Man,Caro Emerald,2010,2015,1676
This Strange Effect,Dave Berry,1965,2015,1677
The Days,Avicii,2014,2015,1678
Back in black,AC/DC,1980,2015,1679
Across The Universe,The Beatles,1970,2015,1680
Memory Motel,The Rolling Stones,1976,2015,1681
Durgerdam Slaapt,Zijlstra,2002,2015,1682
Single Ladies (Put A Ring On It),Beyonce,2008,2015,1683
Poker Face,Lady Gaga,2009,2015,1684
Where Do You Go To My Lovely,Peter Sarstedt,1969,2015,1685
Only Love Can Break Your Heart,Neil Young,1970,2015,1686
Don't Stand To Close To Me,The Police,1980,2015,1687
Je Veux De L'amour,Raymond van het Groenewoud,1980,2015,1688
Zuid-Afrika,Karin Bloemen,1991,2015,1689
Laat Het Los,Van Dik Hout,1996,2015,1690
Mississippi,Pussycat,1975,2015,1691
Goodbye Stranger,Supertramp,1979,2015,1692
Mysterious Ways,U2,1991,2015,1693
I Want You Back,Jackson 5,1970,2015,1694
(Walk Me Out) In The Morning Dew,Long John Baldry,1981,2015,1695
Don't You Want Me,The Human League,1982,2015,1696
You Win Again,Bee Gees,1987,2015,1697
A Real Mother For Ya ,Johnny Guitar Watson,1977,2015,1698
Embarrassment,Madness,1981,2015,1699
All Of My Heart,ABC,1982,2015,1700
Promised You A Miracle,Simple Minds,1982,2015,1701
What Is Love,Haddaway,1992,2015,1702
When We Were Young,Adele,2015,2015,1703
Diggin',Kovacs,2015,2015,1704
Telkens Weer,Willeke Alberti,1975,2015,1705
Weekend,Earth & Fire,1979,2015,1706
Rock Me Amadeus,Falco,1986,2015,1707
Something Happened On The Way To Heaven,Phil Collins,1990,2015,1708
Song Sung Blue,Neil Diamond,1972,2015,1709
The Head And The Heart,Chris De Burgh,1984,2015,1710
Swim With Sam,A balladeer,2006,2015,1711
Summer,Calvin Harris,2014,2015,1712
Sukiyaki,Kyu Sakamoto,1963,2015,1713
Drive,The Cars,1984,2015,1714
Galvanize ,Chemical Brothers ,2005,2015,1715
And I Love Her,The Beatles,1964,2015,1716
Kalverliefde,Robert Long,1974,2015,1717
Dancing With Tears In My Eyes,Ultravox,1984,2015,1718
The Sun Always Shines On TV,A-Ha,1986,2015,1719
Mr. Tambourine Man,The Byrds,1965,2015,1720
My Special Prayer,Percy Sledge,1969,2015,1721
Toveren,Herman van Veen,1987,2015,1722
Tous Les Garcons Et Les Filles,Francoise Hardy,1963,2015,1723
Girl You'll Be A Woman Soon,Neil Diamond,1971,2015,1724
S.O.S.,ABBA,1975,2015,1725
Babooshka,Kate Bush,1980,2015,1726
I Can't Dance,Genesis,1992,2015,1727
Cornflake Girl,Tori Amos,1994,2015,1728
As Long As You Love Me,Backstreet Boys,1997,2015,1729
Done with it,Kensington,2015,2015,1730
Crazy Horses,The Osmonds,1972,2015,1731
Liefste Mijn Liefste,Robert Long,1974,2015,1732
Legs,ZZ Top,1985,2015,1733
Diane,Therapy?,1995,2015,1734
Laat Het Vanavond Gebeuren,De Dijk,1997,2015,1735
Oh Pretty Woman,Roy Orbison,1964,2015,1736
Sound Of The Screaming Day,Golden Earrings,1967,2015,1737
You Make Lovin' Fun,Fleetwood Mac,1978,2015,1738
My Friend The Wind,Demis Roussos,1973,2015,1739
Long Train Runnin',The Doobie Brothers,1973,2015,1740
After The Love Has Gone,Earth Wind & Fire,1979,2015,1741
De Zee,Trijntje Oosterhuis,1996,2015,1742
Love On Top,Beyonce,2011,2015,1743
Not Over You,Gavin DeGraw,2011,2015,1744
Treasure,Bruno Mars,2013,2015,1745
For Me Formidable,Charles Aznavour,1963,2015,1746
I've Seen All Good People,Yes,1971,2015,1747
Love Is The Drug,Roxy Music,1976,2015,1748
Water Of Love,Dire Straits,1978,2015,1749
P.Y.T. (Pretty Young Thing),Michael Jackson,1982,2015,1750
Crazy,Icehouse,1987,2015,1751
Als De Morgen Is Gekomen,Jan Smit,2006,2015,1752
Beneath Your Beautiful,Labrinth feat. Emeli Sande,2012,2015,1753
You Don't Have To Stay,Douwe Bob,2013,2015,1754
High Hopes ,Pink Floyd,1994,2015,1755
Ain't Nobody Home,B.B. King,1971,2015,1756
Woman,John Lennon,1981,2015,1757
Tonight Tonight,Smashing Pumpkins,1995,2015,1758
Where Have I Been Wrong,The Cats,1970,2015,1759
Malle Babbe,Rob De Nijs,1975,2015,1760
You're In My Heart,Rod Stewart,1977,2015,1761
Sing Our Own Song,UB40,1986,2015,1762
Invisible Touch,Genesis,1986,2015,1763
Go West,Pet Shop Boys,1993,2015,1764
High & Dry,Radiohead,1995,2015,1765
This Is The Last Time,Keane,2005,2015,1766
Een Meisje Van 16,Boudewijn De Groot,1965,2015,1767
Witchy Woman,Eagles,1972,2015,1768
Hello Again,Neil Diamond,1981,2015,1769
Waiting For The Sun,The Doors,1971,2015,1770
Roof Garden,Al Jarreau,1982,2015,1771
Haven't Met You Yet,Michael Buble,2009,2015,1772
Empire State Of Mind,Alicia Keys,2009,2015,1773
Late Again,Stealers Wheel,1973,2015,1774
Places To Go,Anouk,2014,2015,1775
Grenade,Bruno Mars,2010,2015,1776
Nutbush City Limits,Ike & Tina Turner,1974,2015,1777
Ik Ga Naar Frankrijk,The Amazing Stroopwafels,1984,2015,1778
We Didn't Start The Fire,Billy Joel,1989,2015,1779
Time Is On My Side,The Rolling Stones,1965,2015,1780
Let's Go Crazy,Prince,1985,2015,1781
Butterfly Kisses,Bob Carlisle,1997,2015,1782
Cose Della Vita,Tina Turner & Eros Ramazzotti,1998,2015,1783
Umbrella,The Baseballs,2010,2015,1784
Bonfire Heart,James Blunt,2013,2015,1785
Davy's On The Road Again,Manfred Mann's Earth band,1978,2015,1786
What's A Woman,Vaya Con Dios,1990,2015,1787
Laura,Jan Smit,2005,2015,1788
Mooier Dan Nu,De Dijk,2009,2015,1789
Let It Happen,Tame Impala,2015,2015,1790
Days,The Kinks,1968,2015,1791
Als De Rook Om Je Hoofd Is Verdwenen,Boudewijn De Groot,1972,2015,1792
Theme From Mahogany,Diana Ross,1976,2015,1793
Weekend Love,Golden Earring,1979,2015,1794
Can't Stand Losing You,The Police,1979,2015,1795
Adiemus,Adiemus,1995,2015,1796
Vrij Zijn,Marco Borsato,1996,2015,1797
Afscheid,Glennis Grace,2011,2015,1798
All I want,Kodaline,2012,2015,1799
Sun Is shining,Axwell Ingrosso,2015,2015,1800
Ann,Q65,1966,2015,1801
Air,Ekseption,1969,2015,1802
Fame,David Bowie,1975,2015,1803
One Day I'll Fly Away,Randy Crawford,1980,2015,1804
Walk This Way,Run D.M.C.,1986,2015,1805
No Rain,Blind Melon,1993,2015,1806
Crazy In Love,Beyonce,2002,2015,1807
Don't You Worry Child,Swedish House Mafia feat. John Martin,2012,2015,1808
Love Me Do,The Beatles,1963,2015,1809
Sorry Seems To Be The Hardest Word,Elton John,1976,2015,1810
Paperback Writer,The Beatles,1966,2015,1811
Time After Time,Cyndi Lauper,1984,2015,1812
Buddy Holly  ,Weezer ,1994,2015,1813
The Power Of Love,Celine Dion,1994,2015,1814
Just Hold Me,Maria Mena,2006,2015,1815
Love Story,Taylor Swift,2009,2015,1816
Gangnam Style,PSY,2012,2015,1817
Open Arms,Journey,1981,2015,1818
I've Had The Time Of My Life,Bill Medley & Jennifer Warnes,1987,2015,1819
Winter In Hamburg,Frank Boeijen,1987,2015,1820
Silenced By The Night,Keane,2012,2015,1821
Teardrops,Womack & Womack,1988,2015,1822
Six Degrees Of Separation,The Script,2012,2015,1823
Catch & Release,Matt Simons,2014,2015,1824
Under My Thumb,The Rolling Stones,1966,2015,1825
ABC,Jackson 5,1970,2015,1826
YMCA,Village People,1978,2015,1827
Champagne Supernova,Oasis,1996,2015,1828
Don't Forget To Remember,Bee Gees,1969,2015,1829
Cent Mille Chansons,Frida Boccara,1969,2015,1830
Walking On Sunshine,Katrina & The Waves,1985,2015,1831
Grow Old With Me,Tom Odell,2013,2015,1832
Save A Prayer,Eagles Of Death Metal,2015,2015,1833
Red Eyes,The War On Drugs,2013,2015,1834
The Joker,Steve Miller Band,1973,2015,1835
Just The Way You Are,Billy Joel,1978,2015,1836
Up Where We Belong,Joe Cocker & Jennifer Warnes,1982,2015,1837
Calling Elvis,Dire Straits,1991,2015,1838
Fire,The Pointer Sisters,1979,2015,1839
Fools Gold,Stone Roses,1990,2015,1840
No Good (Start The Dance),Prodigy,1994,2015,1841
Per Spoor (Kedeng Kedeng),Guus Meeuwis & Vagant,1996,2015,1842
Liquid Lunch,Caro Emerald,2013,2015,1843
There Must Be An Angel,Eurythmics,1985,2015,1844
Free Fallin' ,Tom Petty ,1989,2015,1845
Killing Moon ,Echo & The Bunnymen ,1984,2015,1846
Dag Esmee,Acda en De Munnik,1997,2015,1847
Lion In The Morning Sun,Will And The People,2012,2015,1848
Homburg,Procol Harum,1967,2015,1849
We Were All Wounded At Wounded Knee,Redbone,1973,2015,1850
Jealous Guy,Roxy Music,1981,2015,1851
Relax,Frankie Goes To Hollywood,1984,2015,1852
Luka,Suzanne Vega,1987,2015,1853
Can You Feel It,The Jacksons,1981,2015,1854
Duel (Eye To Eye),Propaganda,1985,2015,1855
Can't Help Falling In Love,UB40,1993,2015,1856
Deurdonderen,Normaal,1982,2015,1857
Stitches,Shawn Mendes,2015,2015,1858
He'll Have To Go,Ry Cooder,1976,2015,1859
Freedom,George Michael,1990,2015,1860
Freestyler,Bomfunk MC's,2000,2015,1861
Vous Permettez Monsieur,Adamo,1964,2015,1862
Tell Me Baby,Red Hot Chili Peppers,2006,2015,1863
All I Wanna Do Is Make Love To You,Heart,1990,2015,1864
Half Of My Heart,John Mayer & Taylor Swift,2010,2015,1865
Original Sin,INXS,1984,2015,1866
A View To A Kill,Duran Duran,1985,2015,1867
You Got It,Roy Orbison,1989,2015,1868
Merry Xmas Everybody,Slade,1973,2015,1869
Lovers In Japan,Coldplay,2009,2015,1870
You've Lost That Loving Feeling,The Righteous Brothers,1965,2015,1871
Turn Turn Turn,The Byrds,1965,2015,1872
The Ballad Of Lucy Jordan,Marianne Faithfull,1979,2015,1873
Limit To Your Love,James Blake,2011,2015,1874
Het Kan Hier Zo Mooi Zijn,Guus Meeuwis,2013,2015,1875
Under The Pressure,The War On Drugs,2014,2015,1876
Eight Days A Week,The Beatles,1965,2015,1877
Ain't No Mountain High Enough  ,Marvin Gaye & Tammi Terrell ,1967,2015,1878
Roadhouse Blues  ,Doors ,1970,2015,1879
Wheelchair Groupie,Alquin,1975,2015,1880
As,Stevie Wonder,1976,2015,1881
Bombay,Golden Earring,1976,2015,1882
'n Beetje Verliefd,Andre Hazes,1981,2015,1883
Waiting For A Girl Like You,Foreigner,1982,2015,1884
Als Je Wint,Herman Brood & Henny Vrienten,1984,2015,1885
Domino,Clouseau,1990,2015,1886
Se Bastasse Una Canzone,Eros Ramazzotti,1990,2015,1887
Modern World,Anouk,2008,2015,1888
Ventura Highway,America,1972,2015,1889
Common People,Pulp,1995,2015,1890
I Close My Eyes (And Count To Ten),Dusty Springfield,1968,2015,1891
De Glimlach Van Een Kind,Willy Alberti,1968,2015,1892
Dead Flowers,The Rolling Stones,1971,2015,1893
Uptown Girl,Billy Joel,1983,2015,1894
Jump Around ,House Of Pain ,1992,2015,1895
Dichterbij Dan Ooit,Blof,2001,2015,1896
Sitting Waiting Wishing,Jack Johnson,2005,2015,1897
Laugh About It,Racoon,2005,2015,1898
Marieke,Jacques Brel,1961,2015,1899
Demasiado Corazon,Mink DeVille,1984,2015,1900
Love Of The Common People,Paul Young,1984,2015,1901
Show Me Love,Robin S,1992,2015,1902
Ms. Jackson,OutKast,2001,2015,1903
Home,Edward Sharpe & The Magnetic Zeros,2011,2015,1904
Ghosttown,Adam Lambert,2015,2015,1905
Lonely Boy,The Black Keys,2011,2015,1906
I Don't Like Mondays,The Boomtown Rats,1979,2015,1907
Hard To Say I'm Sorry,Chicago,1982,2015,1908
It Must Have Been Love,Roxette,1990,2015,1909
Elevation  ,U2 ,2001,2015,1910
I'm Gonna Be (500 Miles),The Proclaimers,1988,2015,1911
One Night,Elvis Presley,1959,2015,1912
Green Onions,Booker T. & The MG's ,1962,2015,1913
Wouldn't It Be Nice,The Beach Boys,1966,2015,1914
I'd Rather Go Blind,Chicken Shack,1969,2015,1915
Reelin' In The Years,Steely Dan,1973,2015,1916
Oye Como Va,Santana,1971,2015,1917
Happy Ending,Joe Jackson,1984,2015,1918
This Love,Maroon 5,2004,2015,1919
The 5th,Ekseption,1969,2015,1920
Should I Stay Or Should I Go,The Clash,1982,2015,1921
Girl,The Beatles,1965,2015,1922
A Salty Dog,Procol Harum,1969,2015,1923
While You See A Chance,Steve Winwood,1981,2015,1924
Tougher Than The Rest,Bruce Springsteen,1987,2015,1925
Lying All The Time,Outsiders,1966,2015,1926
A Brand New Day,The Wiz Stars,1978,2015,1927
Hard To Handle,Black Crowes,1990,2015,1928
Ik Wil Niet Dat Je Liegt,Paul De Leeuw,1993,2015,1929
Jessie,Joshua Kadison,1994,2015,1930
Passie,Clouseau,1995,2015,1931
Tumble And Fall,Johan,2001,2015,1932
Can't Buy Me Love,The Beatles,1964,2015,1933
Summer Is Over,Dusty Springfield,1965,2015,1934
Tin Soldier,Small Faces,1968,2015,1935
If,Bread,1971,2015,1936
Killing Me Softly,Fugees,1996,2015,1937
Ray Of Light,Madonna,1998,2015,1938
Seasons,Earth & Fire,1970,2015,1939
I'm Just A Singer (In A Rock And Roll Band),The Moody Blues,1973,2015,1940
The End Of The Show,The Cats,1980,2015,1941
Chariots Of Fire,Vangelis,1982,2015,1942
I Want To Hold Your Hand,The Beatles,1964,2015,1943
Refugee,Tom Petty,1980,2015,1944
Take My Breath Away,Berlin,1986,2015,1945
Stay (Faraway So Close!),U2,1993,2015,1946
Wild wood,Paul Weller,1998,2015,1947
Would,Alice In Chains,1992,2015,1948
Is Dit Nu Later,Stef Bos,1990,2015,1949
Hemel Valt,Typhoon,2015,2015,1950
Daydream Believer,The Monkees,1967,2015,1951
Fox On The Run,The Sweet,1975,2015,1952
Rock The Casbah,The Clash,1982,2015,1953
Seven Days In Sunny June,Jamiroquai,2005,2015,1954
Hair,Zen,1968,2015,1955
Mainstreet,Bob Seger,1977,2015,1956
Het Is Koud Zonder Jou,Andre Hazes,1980,2015,1957
December 1963 (Oh What A Night),The Four Seasons,1976,2015,1958
The Longest Time,Billy Joel,1984,2015,1959
You're The Inspiration ,Chicago,1985,2015,1960
I Got You Babe,UB40 & Chrissie Hynde,1985,2015,1961
Open Einde,Rob De Nijs,1987,2015,1962
Crazy,Aerosmith,1993,2015,1963
No Diggity,Blackstreet ft. Dr Dre,1996,2015,1964
Man Down,Rihanna,2011,2015,1965
Faith,George Michael,1987,2015,1966
Love Me Like You Do,Ellie Goulding,2015,2015,1967
Una Paloma Blanca,George Baker Selection,1975,2015,1968
Funkin' For Jamaica,Tom Browne,1981,2015,1969
I Just Can't Stop Loving You,Michael Jackson,1987,2015,1970
China In Your Hand,T'Pau,1987,2015,1971
Un' Emozione Per Sempre,Eros Ramazzotti,2003,2015,1972
My Love,Kovacs,2015,2015,1973
The Sweetest Taboo,Sade,1985,2015,1974
Borderline,Madonna,1986,2015,1975
Blijf Tot De Zon Je Komt Halen ,Paul De Leeuw,2007,2015,1976
Slave To The Music,James Morrison,2011,2015,1977
Stolen Dance,Milky Chance,2014,2015,1978
Soul Man,Sam & Dave,1967,2015,1980
Time Of The Season,The Zombies,1969,2015,1981
Bouree,Jethro Tull,1969,2015,1982
A Piece Of The Action,The Babys,1978,2015,1983
Always On The Run,Lenny Kravitz,1991,2015,1984
Strani Amori,Laura Pausini,1994,2015,1985
Grace Kelly,Mika,2007,2015,1986
Run The World (Girls),Beyonce,2011,2015,1987
La Grange,ZZ Top,1973,2015,1988
Grand Hotel,Procol Harum,1973,2015,1989
Somebody,Depeche Mode,1984,2015,1990
Sober,Pink,2008,2015,1991
Home Again,Michael Kiwanuka,2012,2015,1992
I Bet You Look Good On The Dancefloor,Arctic Monkeys,2005,2015,1993
Reason To Believe,Rod Stewart,1971,2015,1994
Tiny Dancer ,Elton John ,1971,2015,1995
Master Blaster (Jammin'),Stevie Wonder,1980,2015,1996
Keep The Faith,Bon Jovi,1992,2015,1997
Girl On Fire,Alicia Keys,2012,2015,1998
Play That Funky Music,Wild Cherry,1976,2015,1999
Bohemian Like You,The Dandy Warhols,2001,2015,2000
